-- phpMyAdmin SQL Dump
-- version 4.8.1
-- https://www.phpmyadmin.net/
--
-- Host: 127.0.0.1
-- Generation Time: Jan 11, 2019 at 06:24 PM
-- Server version: 10.1.33-MariaDB
-- PHP Version: 7.2.6

SET SQL_MODE = "NO_AUTO_VALUE_ON_ZERO";
SET AUTOCOMMIT = 0;
START TRANSACTION;
SET time_zone = "+00:00";


/*!40101 SET @OLD_CHARACTER_SET_CLIENT=@@CHARACTER_SET_CLIENT */;
/*!40101 SET @OLD_CHARACTER_SET_RESULTS=@@CHARACTER_SET_RESULTS */;
/*!40101 SET @OLD_COLLATION_CONNECTION=@@COLLATION_CONNECTION */;
/*!40101 SET NAMES utf8mb4 */;

--
-- Database: `depresi`
--

-- --------------------------------------------------------

--
-- Table structure for table `tb_aturan`
--

CREATE TABLE `tb_aturan` (
  `id_aturan` int(5) NOT NULL,
  `conditions` varchar(250) NOT NULL,
  `hasil` varchar(20) NOT NULL,
  `flag` enum('0','1') DEFAULT NULL
) ENGINE=InnoDB DEFAULT CHARSET=latin1;

--
-- Dumping data for table `tb_aturan`
--

INSERT INTO `tb_aturan` (`id_aturan`, `conditions`, `hasil`, `flag`) VALUES
(1, 'Somatik minimal AND Afektif minimal AND Kognitif minimal', 'Depresi minimal', '1'),
(2, 'Somatik minimal AND Afektif minimal AND Kognitif rendah', 'Depresi minimal', '1'),
(3, 'Somatik minimal AND Afektif minimal AND Kognitif sedang', 'Depresi minimal', '1'),
(4, 'Somatik minimal AND Afektif minimal AND Kognitif berat', 'Depresi rendah', '1'),
(5, 'Somatik minimal AND Afektif rendah AND Kognitif minimal', 'Depresi minimal', '1'),
(6, 'Somatik minimal AND Afektif rendah AND Kognitif rendah', 'Depresi minimal', '1'),
(7, 'Somatik minimal AND Afektif rendah AND Kognitif sedang', 'Depresi rendah', '1'),
(8, 'Somatik minimal AND Afektif rendah AND Kognitif berat', 'Depresi rendah', '1'),
(9, 'Somatik minimal AND Afektif sedang AND Kognitif minimal', 'Depresi rendah', '1'),
(10, 'Somatik minimal AND Afektif sedang AND Kognitif rendah', 'Depresi sedang', '1'),
(11, 'Somatik minimal AND Afektif sedang AND Kognitif sedang', 'Depresi sedang', '1'),
(12, 'Somatik minimal AND Afektif sedang AND Kognitif berat', 'Depresi sedang', '1'),
(13, 'Somatik minimal AND Afektif berat AND Kognitif minimal', 'Depresi sedang', '1'),
(14, 'Somatik minimal AND Afektif berat AND Kognitif rendah', 'Depresi sedang', '1'),
(15, 'Somatik minimal AND Afektif berat AND Kognitif sedang', 'Depresi berat', '1'),
(16, 'Somatik minimal AND Afektif berat AND Kognitif berat', 'Depresi berat', '1'),
(17, 'Somatik rendah AND Afektif minimal AND Kognitif minimal', 'Depresi minimal', '1'),
(18, 'Somatik rendah AND Afektif minimal AND Kognitif rendah', 'Depresi rendah', '1'),
(19, 'Somatik rendah AND Afektif minimal AND Kognitif sedang', 'Depresi rendah', '1'),
(20, 'Somatik rendah AND Afektif minimal AND Kognitif berat', 'Depresi sedang', '1'),
(21, 'Somatik rendah AND Afektif rendah AND Kognitif minimal', 'Depresi minimal', '1'),
(22, 'Somatik rendah AND Afektif rendah AND Kognitif rendah', 'Depresi rendah', '1'),
(23, 'Somatik rendah AND Afektif rendah AND Kognitif sedang', 'Depresi sedang', '1'),
(24, 'Somatik rendah AND Afektif rendah AND Kognitif berat', 'Depresi sedang', '1'),
(25, 'Somatik rendah AND Afektif sedang AND Kognitif minimal', 'Depresi rendah', '1'),
(26, 'Somatik rendah AND Afektif sedang AND Kognitif rendah', 'Depresi sedang', '1'),
(27, 'Somatik rendah AND Afektif sedang AND Kognitif sedang', 'Depresi sedang', '1'),
(28, 'Somatik rendah AND Afektif sedang AND Kognitif berat', 'Depresi berat', '1'),
(29, 'Somatik rendah AND Afektif berat  AND Kognitif minimal', 'Depresi sedang', '1'),
(30, 'Somatik rendah AND Afektif berat  AND Kognitif rendah', 'Depresi sedang', '1'),
(31, 'Somatik rendah AND Afektif berat  AND Kognitif sedang', 'Depresi sedang', '1'),
(32, 'Somatik rendah AND Afektif berat  AND Kognitif berat', 'Depresi berat', '1'),
(33, 'Somatik sedang AND Afektif minimal AND Kognitif minimal', 'Depresi sedang', '1'),
(34, 'Somatik sedang AND Afektif minimal AND Kognitif rendah', 'Depresi sedang', '1'),
(35, 'Somatik sedang AND Afektif minimal AND Kognitif sedang', 'Depresi berat', '1'),
(36, 'Somatik sedang AND Afektif minimal AND Kognitif berat ', 'Depresi berat', '1'),
(37, 'Somatik sedang AND Afektif rendah AND Kognitif minimal', 'Depresi sedang', '1'),
(38, 'Somatik sedang AND Afektif rendah AND Kognitif rendah', 'Depresi sedang', '1'),
(39, 'Somatik sedang AND Afektif rendah AND Kognitif sedang', 'Depresi berat', '1'),
(40, 'Somatik sedang AND Afektif rendah AND Kognitif berat', 'Depresi berat', '1'),
(41, 'Somatik sedang AND Afektif sedang AND Kognitif minimal', 'Depresi berat', '1'),
(42, 'Somatik sedang AND Afektif sedang AND Kognitif rendah', 'Depresi berat', '1'),
(43, 'Somatik sedang AND Afektif sedang AND Kognitif sedang', 'Depresi berat', '1'),
(44, 'Somatik sedang AND Afektif sedang AND Kognitif berat', 'Depresi berat', '1'),
(45, 'Somatik sedang AND Afektif berat  AND Kognitif minimal', 'Depresi berat', '1'),
(46, 'Somatik sedang AND Afektif berat  AND Kognitif rendah', 'Depresi berat', '1'),
(47, 'Somatik sedang AND Afektif berat  AND Kognitif sedang', 'Depresi berat', '1'),
(48, 'Somatik sedang AND Afektif berat  AND Kognitif berat', 'Depresi berat', '1'),
(49, 'Somatik berat AND Afektif minimal  AND Kognitif minimal', 'Depresi berat', '1'),
(50, 'Somatik berat AND Afektif minimal  AND Kognitif rendah', 'Depresi berat', '1'),
(51, 'Somatik berat AND Afektif minimal  AND Kognitif sedang', 'Depresi berat', '1'),
(52, 'Somatik berat AND Afektif minimal  AND Kognitif berat', 'Depresi berat', '1'),
(53, 'Somatik berat AND Afektif rendah  AND Kognitif minimal', 'Depresi berat', '1'),
(54, 'Somatik berat AND Afektif rendah  AND Kognitif rendah', 'Depresi berat', '1'),
(55, 'Somatik berat AND Afektif rendah  AND Kognitif sedang', 'Depresi berat', '1'),
(56, 'Somatik berat AND Afektif rendah  AND Kognitif berat', 'Depresi berat', '1'),
(57, 'Somatik berat AND Afektif sedang  AND Kognitif minimal', 'Depresi berat', '1'),
(58, 'Somatik berat AND Afektif sedang  AND Kognitif rendah', 'Depresi berat', '1'),
(59, 'Somatik berat AND Afektif sedang  AND Kognitif sedang', 'Depresi berat', '1'),
(60, 'Somatik berat AND Afektif sedang  AND Kognitif berat', 'Depresi berat', '1'),
(61, 'Somatik berat AND Afektif berat AND Kognitif minimal', 'Depresi berat', '1'),
(62, 'Somatik berat AND Afektif berat AND Kognitif rendah', 'Depresi berat', '1'),
(63, 'Somatik berat AND Afektif berat AND Kognitif sedang', 'Depresi berat', '1'),
(64, 'Somatik berat AND Afektif berat AND Kognitif berat', 'Depresi berat', '1'),
(65, 'Kognitif minimal AND Afektif minimal AND Somatik minimal', 'Depresi minimal', '1'),
(66, 'Kognitif minimal AND Afektif minimal AND Somatik rendah', 'Depresi minimal', '1'),
(67, 'Kognitif minimal AND Afektif minimal AND Somatik sedang', 'Depresi minimal', '1'),
(68, 'Kognitif minimal AND Afektif minimal AND Somatik berat', 'Depresi rendah', '1'),
(69, 'Kognitif minimal AND Afektif rendah AND Somatik minimal', 'Depresi minimal', '1'),
(70, 'Kognitif minimal AND Afektif rendah AND Somatik rendah', 'Depresi minimal', '1'),
(71, 'Kognitif minimal AND Afektif rendah AND Somatik sedang', 'Depresi rendah', '1'),
(72, 'Kognitif minimal AND Afektif rendah AND Somatik berat', 'Depresi rendah', '1'),
(73, 'Kognitif minimal AND Afektif sedang AND Somatik minimal', 'Depresi rendah', '1'),
(74, 'Kognitif minimal AND Afektif sedang AND Somatik rendah', 'Depresi sedang', '1'),
(75, 'Kognitif minimal AND Afektif sedang AND Somatik sedang', 'Depresi sedang', '1'),
(76, 'Kognitif minimal AND Afektif sedang AND Somatik berat', 'Depresi sedang', '1'),
(77, 'Kognitif minimal AND Afektif berat AND Somatik minimal', 'Depresi sedang', '1'),
(78, 'Kognitif minimal AND Afektif berat AND Somatik rendah', 'Depresi sedang', '1'),
(79, 'Kognitif minimal AND Afektif berat AND Somatik sedang', 'Depresi berat', '1'),
(80, 'Kognitif minimal AND Afektif berat AND Somatik berat', 'Depresi berat', '1'),
(81, 'Kognitif rendah AND Afektif minimal AND Somatik minimal', 'Depresi minimal', '1'),
(82, 'Kognitif rendah AND Afektif minimal AND Somatik rendah', 'Depresi rendah', '1'),
(83, 'Kognitif rendah AND Afektif minimal AND Somatik sedang', 'Depresi rendah', '1'),
(84, 'Kognitif rendah AND Afektif minimal AND Somatik berat', 'Depresi sedang', '1'),
(85, 'Kognitif rendah AND Afektif rendah AND Somatik minimal', 'Depresi minimal', '1'),
(86, 'Kognitif rendah AND Afektif rendah AND Somatik rendah', 'Depresi rendah', '1'),
(87, 'Kognitif rendah AND Afektif rendah AND Somatik sedang', 'Depresi sedang', '1'),
(88, 'Kognitif rendah AND Afektif rendah AND Somatik berat', 'Depresi sedang', '1'),
(89, 'Kognitif rendah AND Afektif sedang AND Somatik minimal', 'Depresi rendah', '1'),
(90, 'Kognitif rendah AND Afektif sedang AND Somatik rendah', 'Depresi sedang', '1'),
(91, 'Kognitif rendah AND Afektif sedang AND Somatik sedang', 'Depresi sedang', '1'),
(92, 'Kognitif rendah AND Afektif sedang AND Somatik berat', 'Depresi berat', '1'),
(93, 'Kognitif rendah AND Afektif berat  AND Somatik minimal', 'Depresi sedang', '1'),
(94, 'Kognitif rendah AND Afektif berat  AND Somatik rendah', 'Depresi sedang', '1'),
(95, 'Kognitif rendah AND Afektif berat  AND Somatik sedang', 'Depresi sedang', '1'),
(96, 'Kognitif rendah AND Afektif berat  AND Somatik berat', 'Depresi berat', '1'),
(97, 'Kognitif sedang AND Afektif minimal AND Somatik minimal', 'Depresi sedang', '1'),
(98, 'Kognitif sedang AND Afektif minimal AND Somatik rendah', 'Depresi sedang', '1'),
(99, 'Kognitif sedang AND Afektif minimal AND Somatik sedang', 'Depresi berat', '1'),
(100, 'Kognitif sedang AND Afektif minimal AND Somatik berat ', 'Depresi berat', '1'),
(101, 'Kognitif sedang AND Afektif rendah AND Somatik minimal', 'Depresi sedang', '1'),
(102, 'Kognitif sedang AND Afektif rendah AND Somatik rendah', 'Depresi sedang', '1'),
(103, 'Kognitif sedang AND Afektif rendah AND Somatik sedang', 'Depresi berat', '1'),
(104, 'Kognitif sedang AND Afektif rendah AND Somatik berat', 'Depresi berat', '1'),
(105, 'Kognitif sedang AND Afektif sedang AND Somatik minimal', 'Depresi berat', '1'),
(106, 'Kognitif sedang AND Afektif sedang AND Somatik rendah', 'Depresi berat', '1'),
(107, 'Kognitif sedang AND Afektif sedang AND Somatik sedang', 'Depresi berat', '1'),
(108, 'Kognitif sedang AND Afektif sedang AND Somatik berat', 'Depresi berat', '1'),
(109, 'Kognitif sedang AND Afektif berat  AND Somatik minimal', 'Depresi berat', '1'),
(110, 'Kognitif sedang AND Afektif berat  AND Somatik rendah', 'Depresi berat', '1'),
(111, 'Kognitif sedang AND Afektif berat  AND Somatik sedang', 'Depresi berat', '1'),
(112, 'Kognitif sedang AND Afektif berat  AND Somatik berat', 'Depresi berat', '1'),
(113, 'Kognitif berat AND Afektif minimal  AND Somatik minimal', 'Depresi berat', '1'),
(114, 'Kognitif berat AND Afektif minimal  AND Somatik rendah', 'Depresi berat', '1'),
(115, 'Kognitif berat AND Afektif minimal  AND Somatik sedang', 'Depresi berat', '1'),
(116, 'Kognitif berat AND Afektif minimal  AND Somatik berat', 'Depresi berat', '1'),
(117, 'Kognitif berat AND Afektif rendah  AND Somatik minimal', 'Depresi berat', '1'),
(118, 'Kognitif berat AND Afektif rendah  AND Somatik rendah', 'Depresi berat', '1'),
(119, 'Kognitif berat AND Afektif rendah  AND Somatik sedang', 'Depresi berat', '1'),
(120, 'Kognitif berat AND Afektif rendah  AND Somatik berat', 'Depresi berat', '1'),
(121, 'Kognitif berat AND Afektif sedang  AND Somatik minimal', 'Depresi berat', '1'),
(122, 'Kognitif berat AND Afektif sedang  AND Somatik rendah', 'Depresi berat', '1'),
(123, 'Kognitif berat AND Afektif sedang  AND Somatik sedang', 'Depresi berat', '1'),
(124, 'Kognitif berat AND Afektif sedang  AND Somatik berat', 'Depresi berat', '1'),
(125, 'Kognitif berat AND Afektif berat AND Somatik minimal', 'Depresi berat', '1'),
(126, 'Kognitif berat AND Afektif berat AND Somatik rendah', 'Depresi berat', '1'),
(127, 'Kognitif berat AND Afektif berat AND Somatik sedang', 'Depresi berat', '1'),
(128, 'Kognitif berat AND Afektif berat AND Somatik berat', 'Depresi berat', '1');

-- --------------------------------------------------------

--
-- Table structure for table `tb_batas`
--

CREATE TABLE `tb_batas` (
  `id_batas` int(5) NOT NULL,
  `id_faktor` varchar(5) NOT NULL,
  `bts_bwh` varchar(5) NOT NULL,
  `bts_ats` varchar(5) NOT NULL,
  `flag` enum('0','1') DEFAULT NULL
) ENGINE=InnoDB DEFAULT CHARSET=latin1;

--
-- Dumping data for table `tb_batas`
--

INSERT INTO `tb_batas` (`id_batas`, `id_faktor`, `bts_bwh`, `bts_ats`, `flag`) VALUES
(1, 'F003', '0', '3.4', '1'),
(2, 'F001', '0', '2.57', '1'),
(3, 'F002', '0', '5.24', '1');

-- --------------------------------------------------------

--
-- Table structure for table `tb_detail_pemeriksaan`
--

CREATE TABLE `tb_detail_pemeriksaan` (
  `id_detail` int(11) NOT NULL,
  `id_pemeriksaan` int(11) NOT NULL,
  `id_faktor` varchar(5) NOT NULL,
  `id_kategori` varchar(5) NOT NULL,
  `id_gejala` varchar(5) DEFAULT NULL,
  `total` varchar(20) NOT NULL
) ENGINE=InnoDB DEFAULT CHARSET=latin1;

--
-- Dumping data for table `tb_detail_pemeriksaan`
--

INSERT INTO `tb_detail_pemeriksaan` (`id_detail`, `id_pemeriksaan`, `id_faktor`, `id_kategori`, `id_gejala`, `total`) VALUES
(1, 1, 'F001', 'K001', 'G003', '0.4554'),
(2, 1, 'F001', 'K002', NULL, '0'),
(3, 1, 'F002', 'K003', NULL, '0'),
(4, 1, 'F003', 'K004', 'G015', '0.3828'),
(5, 1, 'F002', 'K005', NULL, '0'),
(6, 1, 'F002', 'K006', NULL, '0'),
(7, 1, 'F002', 'K007', NULL, '0'),
(8, 1, 'F002', 'K008', NULL, '0'),
(9, 1, 'F002', 'K009', NULL, '0'),
(10, 1, 'F001', 'K010', NULL, '0'),
(11, 1, 'F001', 'K011', NULL, '0'),
(12, 1, 'F003', 'K012', NULL, '0'),
(13, 1, 'F002', 'K013', NULL, '0'),
(14, 1, 'F002', 'K014', NULL, '0'),
(15, 1, 'F003', 'K015', NULL, '0'),
(16, 1, 'F003', 'K016', NULL, '0'),
(17, 1, 'F001', 'K017', NULL, '0'),
(18, 1, 'F003', 'K018', NULL, '0'),
(19, 1, 'F002', 'K019', NULL, '0'),
(20, 1, 'F003', 'K020', NULL, '0'),
(21, 1, 'F003', 'K021', 'G083', '0.1716'),
(22, 2, 'F001', 'K001', 'G004', '0.69'),
(23, 2, 'F001', 'K002', 'G007', '0.2508'),
(24, 2, 'F002', 'K003', 'G011', '0.33'),
(25, 2, 'F003', 'K004', NULL, '0'),
(26, 2, 'F002', 'K005', NULL, '0'),
(27, 2, 'F002', 'K006', NULL, '0'),
(28, 2, 'F002', 'K007', NULL, '0'),
(29, 2, 'F002', 'K008', NULL, '0'),
(30, 2, 'F002', 'K009', 'G036', '0.8'),
(31, 2, 'F001', 'K010', NULL, '0'),
(32, 2, 'F001', 'K011', 'G044', '0.6'),
(33, 2, 'F003', 'K012', 'G046', '0.198'),
(34, 2, 'F002', 'K013', NULL, '0'),
(35, 2, 'F002', 'K014', 'G054', '0.2541'),
(36, 2, 'F003', 'K015', 'G059', '0.33'),
(37, 2, 'F003', 'K016', NULL, '0'),
(38, 2, 'F001', 'K017', NULL, '0'),
(39, 2, 'F003', 'K018', NULL, '0'),
(40, 2, 'F002', 'K019', NULL, '0'),
(41, 2, 'F003', 'K020', NULL, '0'),
(42, 2, 'F003', 'K021', NULL, '0'),
(43, 3, 'F001', 'K001', 'G002', '0.2277'),
(44, 3, 'F001', 'K002', 'G006', '0.1254'),
(45, 3, 'F002', 'K003', NULL, '0'),
(46, 3, 'F003', 'K004', NULL, '0'),
(47, 3, 'F002', 'K005', NULL, '0'),
(48, 3, 'F002', 'K006', NULL, '0'),
(49, 3, 'F002', 'K007', NULL, '0'),
(50, 3, 'F002', 'K008', NULL, '0'),
(51, 3, 'F002', 'K009', NULL, '0'),
(52, 3, 'F001', 'K010', NULL, '0'),
(53, 3, 'F001', 'K011', NULL, '0'),
(54, 3, 'F003', 'K012', NULL, '0'),
(55, 3, 'F002', 'K013', NULL, '0'),
(56, 3, 'F002', 'K014', NULL, '0'),
(57, 3, 'F003', 'K015', NULL, '0'),
(58, 3, 'F003', 'K016', NULL, '0'),
(59, 3, 'F001', 'K017', NULL, '0'),
(60, 3, 'F003', 'K018', NULL, '0'),
(61, 3, 'F002', 'K019', NULL, '0'),
(62, 3, 'F003', 'K020', NULL, '0'),
(63, 3, 'F003', 'K021', NULL, '0'),
(64, 4, 'F001', 'K001', 'G002', '0.2277'),
(65, 4, 'F001', 'K002', 'G006', '0.1254'),
(66, 4, 'F002', 'K003', 'G012', '0.5'),
(67, 4, 'F003', 'K004', 'G016', '0.58'),
(68, 4, 'F002', 'K005', NULL, '0'),
(69, 4, 'F002', 'K006', NULL, '0'),
(70, 4, 'F002', 'K007', NULL, '0'),
(71, 4, 'F002', 'K008', 'G030', '0.1881'),
(72, 4, 'F002', 'K009', NULL, '0'),
(73, 4, 'F001', 'K010', NULL, '0'),
(74, 4, 'F001', 'K011', NULL, '0'),
(75, 4, 'F003', 'K012', NULL, '0'),
(76, 4, 'F002', 'K013', NULL, '0'),
(77, 4, 'F002', 'K014', NULL, '0'),
(78, 4, 'F003', 'K015', NULL, '0'),
(79, 4, 'F003', 'K016', NULL, '0'),
(80, 4, 'F001', 'K017', NULL, '0'),
(81, 4, 'F003', 'K018', NULL, '0'),
(82, 4, 'F002', 'K019', NULL, '0'),
(83, 4, 'F003', 'K020', NULL, '0'),
(84, 4, 'F003', 'K021', NULL, '0'),
(85, 5, 'F001', 'K001', 'G002', '0.2277'),
(86, 5, 'F001', 'K002', 'G006', '0.1254'),
(87, 5, 'F002', 'K003', 'G012', '0.5'),
(88, 5, 'F003', 'K004', 'G016', '0.58'),
(89, 5, 'F002', 'K005', NULL, '0'),
(90, 5, 'F002', 'K006', NULL, '0'),
(91, 5, 'F002', 'K007', NULL, '0'),
(92, 5, 'F002', 'K008', 'G030', '0.1881'),
(93, 5, 'F002', 'K009', NULL, '0'),
(94, 5, 'F001', 'K010', NULL, '0'),
(95, 5, 'F001', 'K011', NULL, '0'),
(96, 5, 'F003', 'K012', NULL, '0'),
(97, 5, 'F002', 'K013', NULL, '0'),
(98, 5, 'F002', 'K014', NULL, '0'),
(99, 5, 'F003', 'K015', NULL, '0'),
(100, 5, 'F003', 'K016', NULL, '0'),
(101, 5, 'F001', 'K017', NULL, '0'),
(102, 5, 'F003', 'K018', NULL, '0'),
(103, 5, 'F002', 'K019', NULL, '0'),
(104, 5, 'F003', 'K020', NULL, '0'),
(105, 5, 'F003', 'K021', NULL, '0'),
(106, 6, 'F001', 'K001', 'G002', '0.2277'),
(107, 6, 'F001', 'K002', 'G006', '0.1254'),
(108, 6, 'F002', 'K003', 'G012', '0.5'),
(109, 6, 'F003', 'K004', 'G016', '0.58'),
(110, 6, 'F002', 'K005', NULL, '0'),
(111, 6, 'F002', 'K006', NULL, '0'),
(112, 6, 'F002', 'K007', NULL, '0'),
(113, 6, 'F002', 'K008', 'G030', '0.1881'),
(114, 6, 'F002', 'K009', NULL, '0'),
(115, 6, 'F001', 'K010', NULL, '0'),
(116, 6, 'F001', 'K011', NULL, '0'),
(117, 6, 'F003', 'K012', NULL, '0'),
(118, 6, 'F002', 'K013', NULL, '0'),
(119, 6, 'F002', 'K014', NULL, '0'),
(120, 6, 'F003', 'K015', NULL, '0'),
(121, 6, 'F003', 'K016', NULL, '0'),
(122, 6, 'F001', 'K017', NULL, '0'),
(123, 6, 'F003', 'K018', NULL, '0'),
(124, 6, 'F002', 'K019', NULL, '0'),
(125, 6, 'F003', 'K020', NULL, '0'),
(126, 6, 'F003', 'K021', NULL, '0'),
(127, 7, 'F001', 'K001', NULL, '0'),
(128, 7, 'F001', 'K002', NULL, '0'),
(129, 7, 'F002', 'K003', NULL, '0'),
(130, 7, 'F003', 'K004', NULL, '0'),
(131, 7, 'F002', 'K005', NULL, '0'),
(132, 7, 'F002', 'K006', NULL, '0'),
(133, 7, 'F002', 'K007', NULL, '0'),
(134, 7, 'F002', 'K008', NULL, '0'),
(135, 7, 'F002', 'K009', NULL, '0'),
(136, 7, 'F001', 'K010', NULL, '0'),
(137, 7, 'F001', 'K011', NULL, '0'),
(138, 7, 'F003', 'K012', NULL, '0'),
(139, 7, 'F002', 'K013', NULL, '0'),
(140, 7, 'F002', 'K014', NULL, '0'),
(141, 7, 'F003', 'K015', NULL, '0'),
(142, 7, 'F003', 'K016', NULL, '0'),
(143, 7, 'F001', 'K017', NULL, '0'),
(144, 7, 'F003', 'K018', NULL, '0'),
(145, 7, 'F002', 'K019', NULL, '0'),
(146, 7, 'F003', 'K020', 'G080', '0.45'),
(147, 7, 'F003', 'K021', 'G081', '0'),
(148, 8, 'F001', 'K001', NULL, '0'),
(149, 8, 'F001', 'K002', NULL, '0'),
(150, 8, 'F002', 'K003', NULL, '0'),
(151, 8, 'F003', 'K004', NULL, '0'),
(152, 8, 'F002', 'K005', NULL, '0'),
(153, 8, 'F002', 'K006', NULL, '0'),
(154, 8, 'F002', 'K007', NULL, '0'),
(155, 8, 'F002', 'K008', NULL, '0'),
(156, 8, 'F002', 'K009', NULL, '0'),
(157, 8, 'F001', 'K010', NULL, '0'),
(158, 8, 'F001', 'K011', NULL, '0'),
(159, 8, 'F003', 'K012', NULL, '0'),
(160, 8, 'F002', 'K013', NULL, '0'),
(161, 8, 'F002', 'K014', NULL, '0'),
(162, 8, 'F003', 'K015', NULL, '0'),
(163, 8, 'F003', 'K016', NULL, '0'),
(164, 8, 'F001', 'K017', NULL, '0'),
(165, 8, 'F003', 'K018', NULL, '0'),
(166, 8, 'F002', 'K019', NULL, '0'),
(167, 8, 'F003', 'K020', 'G080', '0.45'),
(168, 8, 'F003', 'K021', 'G081', '0'),
(169, 9, 'F001', 'K001', NULL, '0'),
(170, 9, 'F001', 'K002', NULL, '0'),
(171, 9, 'F002', 'K003', NULL, '0'),
(172, 9, 'F003', 'K004', NULL, '0'),
(173, 9, 'F002', 'K005', NULL, '0'),
(174, 9, 'F002', 'K006', NULL, '0'),
(175, 9, 'F002', 'K007', NULL, '0'),
(176, 9, 'F002', 'K008', NULL, '0'),
(177, 9, 'F002', 'K009', NULL, '0'),
(178, 9, 'F001', 'K010', NULL, '0'),
(179, 9, 'F001', 'K011', NULL, '0'),
(180, 9, 'F003', 'K012', NULL, '0'),
(181, 9, 'F002', 'K013', NULL, '0'),
(182, 9, 'F002', 'K014', NULL, '0'),
(183, 9, 'F003', 'K015', NULL, '0'),
(184, 9, 'F003', 'K016', NULL, '0'),
(185, 9, 'F001', 'K017', NULL, '0'),
(186, 9, 'F003', 'K018', NULL, '0'),
(187, 9, 'F002', 'K019', NULL, '0'),
(188, 9, 'F003', 'K020', 'G080', '0.45'),
(189, 9, 'F003', 'K021', 'G081', '0'),
(190, 10, 'F001', 'K001', NULL, '0'),
(191, 10, 'F001', 'K002', NULL, '0'),
(192, 10, 'F002', 'K003', NULL, '0'),
(193, 10, 'F003', 'K004', NULL, '0'),
(194, 10, 'F002', 'K005', NULL, '0'),
(195, 10, 'F002', 'K006', NULL, '0'),
(196, 10, 'F002', 'K007', NULL, '0'),
(197, 10, 'F002', 'K008', NULL, '0'),
(198, 10, 'F002', 'K009', NULL, '0'),
(199, 10, 'F001', 'K010', NULL, '0'),
(200, 10, 'F001', 'K011', NULL, '0'),
(201, 10, 'F003', 'K012', NULL, '0'),
(202, 10, 'F002', 'K013', NULL, '0'),
(203, 10, 'F002', 'K014', NULL, '0'),
(204, 10, 'F003', 'K015', NULL, '0'),
(205, 10, 'F003', 'K016', NULL, '0'),
(206, 10, 'F001', 'K017', NULL, '0'),
(207, 10, 'F003', 'K018', NULL, '0'),
(208, 10, 'F002', 'K019', NULL, '0'),
(209, 10, 'F003', 'K020', 'G080', '0.45'),
(210, 10, 'F003', 'K021', 'G081', '0'),
(211, 11, 'F001', 'K001', NULL, '0'),
(212, 11, 'F001', 'K002', NULL, '0'),
(213, 11, 'F002', 'K003', NULL, '0'),
(214, 11, 'F003', 'K004', NULL, '0'),
(215, 11, 'F002', 'K005', NULL, '0'),
(216, 11, 'F002', 'K006', NULL, '0'),
(217, 11, 'F002', 'K007', NULL, '0'),
(218, 11, 'F002', 'K008', NULL, '0'),
(219, 11, 'F002', 'K009', NULL, '0'),
(220, 11, 'F001', 'K010', NULL, '0'),
(221, 11, 'F001', 'K011', NULL, '0'),
(222, 11, 'F003', 'K012', NULL, '0'),
(223, 11, 'F002', 'K013', NULL, '0'),
(224, 11, 'F002', 'K014', NULL, '0'),
(225, 11, 'F003', 'K015', NULL, '0'),
(226, 11, 'F003', 'K016', NULL, '0'),
(227, 11, 'F001', 'K017', NULL, '0'),
(228, 11, 'F003', 'K018', NULL, '0'),
(229, 11, 'F002', 'K019', NULL, '0'),
(230, 11, 'F003', 'K020', 'G080', '0.45'),
(231, 11, 'F003', 'K021', 'G081', '0'),
(232, 12, 'F001', 'K001', NULL, '0'),
(233, 12, 'F001', 'K002', NULL, '0'),
(234, 12, 'F002', 'K003', NULL, '0'),
(235, 12, 'F003', 'K004', NULL, '0'),
(236, 12, 'F002', 'K005', NULL, '0'),
(237, 12, 'F002', 'K006', NULL, '0'),
(238, 12, 'F002', 'K007', NULL, '0'),
(239, 12, 'F002', 'K008', NULL, '0'),
(240, 12, 'F002', 'K009', NULL, '0'),
(241, 12, 'F001', 'K010', NULL, '0'),
(242, 12, 'F001', 'K011', NULL, '0'),
(243, 12, 'F003', 'K012', NULL, '0'),
(244, 12, 'F002', 'K013', NULL, '0'),
(245, 12, 'F002', 'K014', NULL, '0'),
(246, 12, 'F003', 'K015', NULL, '0'),
(247, 12, 'F003', 'K016', NULL, '0'),
(248, 12, 'F001', 'K017', NULL, '0'),
(249, 12, 'F003', 'K018', NULL, '0'),
(250, 12, 'F002', 'K019', NULL, '0'),
(251, 12, 'F003', 'K020', 'G080', '0.45'),
(252, 12, 'F003', 'K021', 'G081', '0'),
(253, 13, 'F001', 'K001', NULL, '0'),
(254, 13, 'F001', 'K002', NULL, '0'),
(255, 13, 'F002', 'K003', NULL, '0'),
(256, 13, 'F003', 'K004', NULL, '0'),
(257, 13, 'F002', 'K005', NULL, '0'),
(258, 13, 'F002', 'K006', NULL, '0'),
(259, 13, 'F002', 'K007', NULL, '0'),
(260, 13, 'F002', 'K008', NULL, '0'),
(261, 13, 'F002', 'K009', NULL, '0'),
(262, 13, 'F001', 'K010', NULL, '0'),
(263, 13, 'F001', 'K011', NULL, '0'),
(264, 13, 'F003', 'K012', NULL, '0'),
(265, 13, 'F002', 'K013', NULL, '0'),
(266, 13, 'F002', 'K014', NULL, '0'),
(267, 13, 'F003', 'K015', NULL, '0'),
(268, 13, 'F003', 'K016', NULL, '0'),
(269, 13, 'F001', 'K017', NULL, '0'),
(270, 13, 'F003', 'K018', NULL, '0'),
(271, 13, 'F002', 'K019', NULL, '0'),
(272, 13, 'F003', 'K020', 'G080', '0.45'),
(273, 13, 'F003', 'K021', 'G081', '0'),
(274, 14, 'F001', 'K001', 'G002', '0.2277'),
(275, 14, 'F001', 'K002', 'G006', '0.1254'),
(276, 14, 'F002', 'K003', 'G012', '0.5'),
(277, 14, 'F003', 'K004', 'G015', '0.3828'),
(278, 14, 'F002', 'K005', 'G019', '0.2244'),
(279, 14, 'F002', 'K006', NULL, '0'),
(280, 14, 'F002', 'K007', 'G026', '0.2145'),
(281, 14, 'F002', 'K008', NULL, '0'),
(282, 14, 'F002', 'K009', 'G034', '0.264'),
(283, 14, 'F001', 'K010', 'G038', '0.1419'),
(284, 14, 'F001', 'K011', NULL, '0'),
(285, 14, 'F003', 'K012', 'G047', '0.396'),
(286, 14, 'F002', 'K013', 'G050', '0.1881'),
(287, 14, 'F002', 'K014', NULL, '0'),
(288, 14, 'F003', 'K015', NULL, '0'),
(289, 14, 'F003', 'K016', 'G063', '0.3762'),
(290, 14, 'F001', 'K017', NULL, '0'),
(291, 14, 'F003', 'K018', 'G071', '0.2904'),
(292, 14, 'F002', 'K019', 'G075', '0.3828'),
(293, 14, 'F003', 'K020', NULL, '0'),
(294, 14, 'F003', 'K021', 'G082', '0.0858'),
(295, 15, 'F001', 'K001', 'G002', '0.2277'),
(296, 15, 'F001', 'K002', 'G006', '0.1254'),
(297, 15, 'F002', 'K003', 'G012', '0.5'),
(298, 15, 'F003', 'K004', 'G015', '0.3828'),
(299, 15, 'F002', 'K005', 'G019', '0.2244'),
(300, 15, 'F002', 'K006', NULL, '0'),
(301, 15, 'F002', 'K007', 'G026', '0.2145'),
(302, 15, 'F002', 'K008', NULL, '0'),
(303, 15, 'F002', 'K009', 'G034', '0.264'),
(304, 15, 'F001', 'K010', 'G038', '0.1419'),
(305, 15, 'F001', 'K011', NULL, '0'),
(306, 15, 'F003', 'K012', 'G047', '0.396'),
(307, 15, 'F002', 'K013', 'G050', '0.1881'),
(308, 15, 'F002', 'K014', NULL, '0'),
(309, 15, 'F003', 'K015', NULL, '0'),
(310, 15, 'F003', 'K016', 'G063', '0.3762'),
(311, 15, 'F001', 'K017', NULL, '0'),
(312, 15, 'F003', 'K018', 'G071', '0.2904'),
(313, 15, 'F002', 'K019', 'G075', '0.3828'),
(314, 15, 'F003', 'K020', NULL, '0'),
(315, 15, 'F003', 'K021', 'G082', '0.0858'),
(316, 16, 'F001', 'K001', 'G002', '0.2277'),
(317, 16, 'F001', 'K002', 'G006', '0.1254'),
(318, 16, 'F002', 'K003', 'G012', '0.5'),
(319, 16, 'F003', 'K004', 'G015', '0.3828'),
(320, 16, 'F002', 'K005', 'G019', '0.2244'),
(321, 16, 'F002', 'K006', NULL, '0'),
(322, 16, 'F002', 'K007', 'G026', '0.2145'),
(323, 16, 'F002', 'K008', NULL, '0'),
(324, 16, 'F002', 'K009', 'G034', '0.264'),
(325, 16, 'F001', 'K010', 'G038', '0.1419'),
(326, 16, 'F001', 'K011', NULL, '0'),
(327, 16, 'F003', 'K012', 'G047', '0.396'),
(328, 16, 'F002', 'K013', 'G050', '0.1881'),
(329, 16, 'F002', 'K014', NULL, '0'),
(330, 16, 'F003', 'K015', NULL, '0'),
(331, 16, 'F003', 'K016', 'G063', '0.3762'),
(332, 16, 'F001', 'K017', NULL, '0'),
(333, 16, 'F003', 'K018', 'G071', '0.2904'),
(334, 16, 'F002', 'K019', 'G075', '0.3828'),
(335, 16, 'F003', 'K020', NULL, '0'),
(336, 16, 'F003', 'K021', 'G082', '0.0858'),
(337, 17, 'F001', 'K001', 'G002', '0.2277'),
(338, 17, 'F001', 'K002', 'G006', '0.1254'),
(339, 17, 'F002', 'K003', 'G012', '0.5'),
(340, 17, 'F003', 'K004', 'G015', '0.3828'),
(341, 17, 'F002', 'K005', 'G019', '0.2244'),
(342, 17, 'F002', 'K006', NULL, '0'),
(343, 17, 'F002', 'K007', 'G026', '0.2145'),
(344, 17, 'F002', 'K008', NULL, '0'),
(345, 17, 'F002', 'K009', 'G034', '0.264'),
(346, 17, 'F001', 'K010', 'G038', '0.1419'),
(347, 17, 'F001', 'K011', NULL, '0'),
(348, 17, 'F003', 'K012', 'G047', '0.396'),
(349, 17, 'F002', 'K013', 'G050', '0.1881'),
(350, 17, 'F002', 'K014', NULL, '0'),
(351, 17, 'F003', 'K015', NULL, '0'),
(352, 17, 'F003', 'K016', 'G063', '0.3762'),
(353, 17, 'F001', 'K017', NULL, '0'),
(354, 17, 'F003', 'K018', 'G071', '0.2904'),
(355, 17, 'F002', 'K019', 'G075', '0.3828'),
(356, 17, 'F003', 'K020', NULL, '0'),
(357, 17, 'F003', 'K021', 'G082', '0.0858'),
(358, 18, 'F001', 'K001', 'G002', '0.2277'),
(359, 18, 'F001', 'K002', 'G006', '0.1254'),
(360, 18, 'F002', 'K003', 'G012', '0.5'),
(361, 18, 'F003', 'K004', 'G015', '0.3828'),
(362, 18, 'F002', 'K005', 'G019', '0.2244'),
(363, 18, 'F002', 'K006', NULL, '0'),
(364, 18, 'F002', 'K007', 'G026', '0.2145'),
(365, 18, 'F002', 'K008', NULL, '0'),
(366, 18, 'F002', 'K009', 'G034', '0.264'),
(367, 18, 'F001', 'K010', 'G038', '0.1419'),
(368, 18, 'F001', 'K011', NULL, '0'),
(369, 18, 'F003', 'K012', 'G047', '0.396'),
(370, 18, 'F002', 'K013', 'G050', '0.1881'),
(371, 18, 'F002', 'K014', NULL, '0'),
(372, 18, 'F003', 'K015', NULL, '0'),
(373, 18, 'F003', 'K016', 'G063', '0.3762'),
(374, 18, 'F001', 'K017', NULL, '0'),
(375, 18, 'F003', 'K018', 'G071', '0.2904'),
(376, 18, 'F002', 'K019', 'G075', '0.3828'),
(377, 18, 'F003', 'K020', NULL, '0'),
(378, 18, 'F003', 'K021', 'G082', '0.0858'),
(379, 19, 'F001', 'K001', 'G002', '0.2277'),
(380, 19, 'F001', 'K002', 'G006', '0.1254'),
(381, 19, 'F002', 'K003', 'G012', '0.5'),
(382, 19, 'F003', 'K004', 'G015', '0.3828'),
(383, 19, 'F002', 'K005', 'G019', '0.2244'),
(384, 19, 'F002', 'K006', NULL, '0'),
(385, 19, 'F002', 'K007', 'G026', '0.2145'),
(386, 19, 'F002', 'K008', NULL, '0'),
(387, 19, 'F002', 'K009', 'G034', '0.264'),
(388, 19, 'F001', 'K010', 'G038', '0.1419'),
(389, 19, 'F001', 'K011', NULL, '0'),
(390, 19, 'F003', 'K012', 'G047', '0.396'),
(391, 19, 'F002', 'K013', 'G050', '0.1881'),
(392, 19, 'F002', 'K014', NULL, '0'),
(393, 19, 'F003', 'K015', NULL, '0'),
(394, 19, 'F003', 'K016', 'G063', '0.3762'),
(395, 19, 'F001', 'K017', NULL, '0'),
(396, 19, 'F003', 'K018', 'G071', '0.2904'),
(397, 19, 'F002', 'K019', 'G075', '0.3828'),
(398, 19, 'F003', 'K020', NULL, '0'),
(399, 19, 'F003', 'K021', 'G082', '0.0858'),
(400, 20, 'F001', 'K001', 'G002', '0.2277'),
(401, 20, 'F001', 'K002', 'G006', '0.1254'),
(402, 20, 'F002', 'K003', 'G012', '0.5'),
(403, 20, 'F003', 'K004', 'G015', '0.3828'),
(404, 20, 'F002', 'K005', 'G019', '0.2244'),
(405, 20, 'F002', 'K006', NULL, '0'),
(406, 20, 'F002', 'K007', 'G026', '0.2145'),
(407, 20, 'F002', 'K008', NULL, '0'),
(408, 20, 'F002', 'K009', 'G034', '0.264'),
(409, 20, 'F001', 'K010', 'G038', '0.1419'),
(410, 20, 'F001', 'K011', NULL, '0'),
(411, 20, 'F003', 'K012', 'G047', '0.396'),
(412, 20, 'F002', 'K013', 'G050', '0.1881'),
(413, 20, 'F002', 'K014', NULL, '0'),
(414, 20, 'F003', 'K015', NULL, '0'),
(415, 20, 'F003', 'K016', 'G063', '0.3762'),
(416, 20, 'F001', 'K017', NULL, '0'),
(417, 20, 'F003', 'K018', 'G071', '0.2904'),
(418, 20, 'F002', 'K019', 'G075', '0.3828'),
(419, 20, 'F003', 'K020', NULL, '0'),
(420, 20, 'F003', 'K021', 'G082', '0.0858'),
(421, 21, 'F001', 'K001', 'G002', '0.2277'),
(422, 21, 'F001', 'K002', 'G006', '0.1254'),
(423, 21, 'F002', 'K003', 'G012', '0.5'),
(424, 21, 'F003', 'K004', 'G015', '0.3828'),
(425, 21, 'F002', 'K005', 'G019', '0.2244'),
(426, 21, 'F002', 'K006', NULL, '0'),
(427, 21, 'F002', 'K007', 'G026', '0.2145'),
(428, 21, 'F002', 'K008', NULL, '0'),
(429, 21, 'F002', 'K009', 'G034', '0.264'),
(430, 21, 'F001', 'K010', 'G038', '0.1419'),
(431, 21, 'F001', 'K011', NULL, '0'),
(432, 21, 'F003', 'K012', 'G047', '0.396'),
(433, 21, 'F002', 'K013', 'G050', '0.1881'),
(434, 21, 'F002', 'K014', NULL, '0'),
(435, 21, 'F003', 'K015', NULL, '0'),
(436, 21, 'F003', 'K016', 'G063', '0.3762'),
(437, 21, 'F001', 'K017', NULL, '0'),
(438, 21, 'F003', 'K018', 'G071', '0.2904'),
(439, 21, 'F002', 'K019', 'G075', '0.3828'),
(440, 21, 'F003', 'K020', NULL, '0'),
(441, 21, 'F003', 'K021', 'G082', '0.0858'),
(442, 22, 'F001', 'K001', 'G002', '0.2277'),
(443, 22, 'F001', 'K002', 'G006', '0.1254'),
(444, 22, 'F002', 'K003', 'G012', '0.5'),
(445, 22, 'F003', 'K004', 'G015', '0.3828'),
(446, 22, 'F002', 'K005', 'G019', '0.2244'),
(447, 22, 'F002', 'K006', NULL, '0'),
(448, 22, 'F002', 'K007', 'G026', '0.2145'),
(449, 22, 'F002', 'K008', NULL, '0'),
(450, 22, 'F002', 'K009', 'G034', '0.264'),
(451, 22, 'F001', 'K010', 'G038', '0.1419'),
(452, 22, 'F001', 'K011', NULL, '0'),
(453, 22, 'F003', 'K012', 'G047', '0.396'),
(454, 22, 'F002', 'K013', 'G050', '0.1881'),
(455, 22, 'F002', 'K014', NULL, '0'),
(456, 22, 'F003', 'K015', NULL, '0'),
(457, 22, 'F003', 'K016', 'G063', '0.3762'),
(458, 22, 'F001', 'K017', NULL, '0'),
(459, 22, 'F003', 'K018', 'G071', '0.2904'),
(460, 22, 'F002', 'K019', 'G075', '0.3828'),
(461, 22, 'F003', 'K020', NULL, '0'),
(462, 22, 'F003', 'K021', 'G082', '0.0858'),
(463, 23, 'F001', 'K001', 'G002', '0.2277'),
(464, 23, 'F001', 'K002', 'G006', '0.1254'),
(465, 23, 'F002', 'K003', 'G012', '0.5'),
(466, 23, 'F003', 'K004', 'G015', '0.3828'),
(467, 23, 'F002', 'K005', 'G019', '0.2244'),
(468, 23, 'F002', 'K006', NULL, '0'),
(469, 23, 'F002', 'K007', 'G026', '0.2145'),
(470, 23, 'F002', 'K008', NULL, '0'),
(471, 23, 'F002', 'K009', 'G034', '0.264'),
(472, 23, 'F001', 'K010', 'G038', '0.1419'),
(473, 23, 'F001', 'K011', NULL, '0'),
(474, 23, 'F003', 'K012', 'G047', '0.396'),
(475, 23, 'F002', 'K013', 'G050', '0.1881'),
(476, 23, 'F002', 'K014', NULL, '0'),
(477, 23, 'F003', 'K015', NULL, '0'),
(478, 23, 'F003', 'K016', 'G063', '0.3762'),
(479, 23, 'F001', 'K017', NULL, '0'),
(480, 23, 'F003', 'K018', 'G071', '0.2904'),
(481, 23, 'F002', 'K019', 'G075', '0.3828'),
(482, 23, 'F003', 'K020', NULL, '0'),
(483, 23, 'F003', 'K021', 'G082', '0.0858'),
(484, 24, 'F001', 'K001', 'G002', '0.2277'),
(485, 24, 'F001', 'K002', 'G006', '0.1254'),
(486, 24, 'F002', 'K003', 'G012', '0.5'),
(487, 24, 'F003', 'K004', 'G015', '0.3828'),
(488, 24, 'F002', 'K005', 'G019', '0.2244'),
(489, 24, 'F002', 'K006', NULL, '0'),
(490, 24, 'F002', 'K007', 'G026', '0.2145'),
(491, 24, 'F002', 'K008', NULL, '0'),
(492, 24, 'F002', 'K009', 'G034', '0.264'),
(493, 24, 'F001', 'K010', 'G038', '0.1419'),
(494, 24, 'F001', 'K011', NULL, '0'),
(495, 24, 'F003', 'K012', 'G047', '0.396'),
(496, 24, 'F002', 'K013', 'G050', '0.1881'),
(497, 24, 'F002', 'K014', NULL, '0'),
(498, 24, 'F003', 'K015', NULL, '0'),
(499, 24, 'F003', 'K016', 'G063', '0.3762'),
(500, 24, 'F001', 'K017', NULL, '0'),
(501, 24, 'F003', 'K018', 'G071', '0.2904'),
(502, 24, 'F002', 'K019', 'G075', '0.3828'),
(503, 24, 'F003', 'K020', NULL, '0'),
(504, 24, 'F003', 'K021', 'G082', '0.0858'),
(505, 25, 'F001', 'K001', 'G002', '0.2277'),
(506, 25, 'F001', 'K002', 'G006', '0.1254'),
(507, 25, 'F002', 'K003', 'G012', '0.5'),
(508, 25, 'F003', 'K004', 'G015', '0.3828'),
(509, 25, 'F002', 'K005', 'G019', '0.2244'),
(510, 25, 'F002', 'K006', NULL, '0'),
(511, 25, 'F002', 'K007', 'G026', '0.2145'),
(512, 25, 'F002', 'K008', NULL, '0'),
(513, 25, 'F002', 'K009', 'G034', '0.264'),
(514, 25, 'F001', 'K010', 'G038', '0.1419'),
(515, 25, 'F001', 'K011', NULL, '0'),
(516, 25, 'F003', 'K012', 'G047', '0.396'),
(517, 25, 'F002', 'K013', 'G050', '0.1881'),
(518, 25, 'F002', 'K014', NULL, '0'),
(519, 25, 'F003', 'K015', NULL, '0'),
(520, 25, 'F003', 'K016', 'G063', '0.3762'),
(521, 25, 'F001', 'K017', NULL, '0'),
(522, 25, 'F003', 'K018', 'G071', '0.2904'),
(523, 25, 'F002', 'K019', 'G075', '0.3828'),
(524, 25, 'F003', 'K020', NULL, '0'),
(525, 25, 'F003', 'K021', 'G082', '0.0858'),
(526, 26, 'F001', 'K001', 'G002', '0.2277'),
(527, 26, 'F001', 'K002', 'G006', '0.1254'),
(528, 26, 'F002', 'K003', 'G012', '0.5'),
(529, 26, 'F003', 'K004', 'G015', '0.3828'),
(530, 26, 'F002', 'K005', 'G019', '0.2244'),
(531, 26, 'F002', 'K006', NULL, '0'),
(532, 26, 'F002', 'K007', 'G026', '0.2145'),
(533, 26, 'F002', 'K008', NULL, '0'),
(534, 26, 'F002', 'K009', 'G034', '0.264'),
(535, 26, 'F001', 'K010', 'G038', '0.1419'),
(536, 26, 'F001', 'K011', NULL, '0'),
(537, 26, 'F003', 'K012', 'G047', '0.396'),
(538, 26, 'F002', 'K013', 'G050', '0.1881'),
(539, 26, 'F002', 'K014', NULL, '0'),
(540, 26, 'F003', 'K015', NULL, '0'),
(541, 26, 'F003', 'K016', 'G063', '0.3762'),
(542, 26, 'F001', 'K017', NULL, '0'),
(543, 26, 'F003', 'K018', 'G071', '0.2904'),
(544, 26, 'F002', 'K019', 'G075', '0.3828'),
(545, 26, 'F003', 'K020', NULL, '0'),
(546, 26, 'F003', 'K021', 'G082', '0.0858'),
(547, 27, 'F001', 'K001', 'G002', '0.2277'),
(548, 27, 'F001', 'K002', 'G006', '0.1254'),
(549, 27, 'F002', 'K003', 'G012', '0.5'),
(550, 27, 'F003', 'K004', 'G015', '0.3828'),
(551, 27, 'F002', 'K005', 'G019', '0.2244'),
(552, 27, 'F002', 'K006', NULL, '0'),
(553, 27, 'F002', 'K007', 'G026', '0.2145'),
(554, 27, 'F002', 'K008', NULL, '0'),
(555, 27, 'F002', 'K009', 'G034', '0.264'),
(556, 27, 'F001', 'K010', 'G038', '0.1419'),
(557, 27, 'F001', 'K011', NULL, '0'),
(558, 27, 'F003', 'K012', 'G047', '0.396'),
(559, 27, 'F002', 'K013', 'G050', '0.1881'),
(560, 27, 'F002', 'K014', NULL, '0'),
(561, 27, 'F003', 'K015', NULL, '0'),
(562, 27, 'F003', 'K016', 'G063', '0.3762'),
(563, 27, 'F001', 'K017', NULL, '0'),
(564, 27, 'F003', 'K018', 'G071', '0.2904'),
(565, 27, 'F002', 'K019', 'G075', '0.3828'),
(566, 27, 'F003', 'K020', NULL, '0'),
(567, 27, 'F003', 'K021', 'G082', '0.0858'),
(568, 28, 'F001', 'K001', 'G002', '0.2277'),
(569, 28, 'F001', 'K002', 'G006', '0.1254'),
(570, 28, 'F002', 'K003', 'G012', '0.5'),
(571, 28, 'F003', 'K004', 'G015', '0.3828'),
(572, 28, 'F002', 'K005', 'G019', '0.2244'),
(573, 28, 'F002', 'K006', NULL, '0'),
(574, 28, 'F002', 'K007', 'G026', '0.2145'),
(575, 28, 'F002', 'K008', NULL, '0'),
(576, 28, 'F002', 'K009', 'G034', '0.264'),
(577, 28, 'F001', 'K010', 'G038', '0.1419'),
(578, 28, 'F001', 'K011', NULL, '0'),
(579, 28, 'F003', 'K012', 'G047', '0.396'),
(580, 28, 'F002', 'K013', 'G050', '0.1881'),
(581, 28, 'F002', 'K014', NULL, '0'),
(582, 28, 'F003', 'K015', NULL, '0'),
(583, 28, 'F003', 'K016', 'G063', '0.3762'),
(584, 28, 'F001', 'K017', NULL, '0'),
(585, 28, 'F003', 'K018', 'G071', '0.2904'),
(586, 28, 'F002', 'K019', 'G075', '0.3828'),
(587, 28, 'F003', 'K020', NULL, '0'),
(588, 28, 'F003', 'K021', 'G082', '0.0858'),
(589, 29, 'F001', 'K001', 'G002', '0.2277'),
(590, 29, 'F001', 'K002', 'G006', '0.1254'),
(591, 29, 'F002', 'K003', 'G012', '0.5'),
(592, 29, 'F003', 'K004', 'G015', '0.3828'),
(593, 29, 'F002', 'K005', 'G019', '0.2244'),
(594, 29, 'F002', 'K006', NULL, '0'),
(595, 29, 'F002', 'K007', 'G026', '0.2145'),
(596, 29, 'F002', 'K008', NULL, '0'),
(597, 29, 'F002', 'K009', 'G034', '0.264'),
(598, 29, 'F001', 'K010', 'G038', '0.1419'),
(599, 29, 'F001', 'K011', NULL, '0'),
(600, 29, 'F003', 'K012', 'G047', '0.396'),
(601, 29, 'F002', 'K013', 'G050', '0.1881'),
(602, 29, 'F002', 'K014', NULL, '0'),
(603, 29, 'F003', 'K015', NULL, '0'),
(604, 29, 'F003', 'K016', 'G063', '0.3762'),
(605, 29, 'F001', 'K017', NULL, '0'),
(606, 29, 'F003', 'K018', 'G071', '0.2904'),
(607, 29, 'F002', 'K019', 'G075', '0.3828'),
(608, 29, 'F003', 'K020', NULL, '0'),
(609, 29, 'F003', 'K021', 'G082', '0.0858'),
(610, 30, 'F001', 'K001', 'G002', '0.2277'),
(611, 30, 'F001', 'K002', 'G006', '0.1254'),
(612, 30, 'F002', 'K003', 'G012', '0.5'),
(613, 30, 'F003', 'K004', 'G015', '0.3828'),
(614, 30, 'F002', 'K005', 'G019', '0.2244'),
(615, 30, 'F002', 'K006', NULL, '0'),
(616, 30, 'F002', 'K007', 'G026', '0.2145'),
(617, 30, 'F002', 'K008', NULL, '0'),
(618, 30, 'F002', 'K009', 'G034', '0.264'),
(619, 30, 'F001', 'K010', 'G038', '0.1419'),
(620, 30, 'F001', 'K011', NULL, '0'),
(621, 30, 'F003', 'K012', 'G047', '0.396'),
(622, 30, 'F002', 'K013', 'G050', '0.1881'),
(623, 30, 'F002', 'K014', NULL, '0'),
(624, 30, 'F003', 'K015', NULL, '0'),
(625, 30, 'F003', 'K016', 'G063', '0.3762'),
(626, 30, 'F001', 'K017', NULL, '0'),
(627, 30, 'F003', 'K018', 'G071', '0.2904'),
(628, 30, 'F002', 'K019', 'G075', '0.3828'),
(629, 30, 'F003', 'K020', NULL, '0'),
(630, 30, 'F003', 'K021', 'G082', '0.0858'),
(631, 31, 'F001', 'K001', 'G002', '0.2277'),
(632, 31, 'F001', 'K002', 'G006', '0.1254'),
(633, 31, 'F002', 'K003', 'G012', '0.5'),
(634, 31, 'F003', 'K004', 'G015', '0.3828'),
(635, 31, 'F002', 'K005', 'G019', '0.2244'),
(636, 31, 'F002', 'K006', NULL, '0'),
(637, 31, 'F002', 'K007', 'G026', '0.2145'),
(638, 31, 'F002', 'K008', NULL, '0'),
(639, 31, 'F002', 'K009', 'G034', '0.264'),
(640, 31, 'F001', 'K010', 'G038', '0.1419'),
(641, 31, 'F001', 'K011', NULL, '0'),
(642, 31, 'F003', 'K012', 'G047', '0.396'),
(643, 31, 'F002', 'K013', 'G050', '0.1881'),
(644, 31, 'F002', 'K014', NULL, '0'),
(645, 31, 'F003', 'K015', NULL, '0'),
(646, 31, 'F003', 'K016', 'G063', '0.3762'),
(647, 31, 'F001', 'K017', NULL, '0'),
(648, 31, 'F003', 'K018', 'G071', '0.2904'),
(649, 31, 'F002', 'K019', 'G075', '0.3828'),
(650, 31, 'F003', 'K020', NULL, '0'),
(651, 31, 'F003', 'K021', 'G082', '0.0858'),
(652, 32, 'F001', 'K001', 'G002', '0.2277'),
(653, 32, 'F001', 'K002', 'G006', '0.1254'),
(654, 32, 'F002', 'K003', 'G012', '0.5'),
(655, 32, 'F003', 'K004', 'G015', '0.3828'),
(656, 32, 'F002', 'K005', 'G019', '0.2244'),
(657, 32, 'F002', 'K006', NULL, '0'),
(658, 32, 'F002', 'K007', 'G026', '0.2145'),
(659, 32, 'F002', 'K008', NULL, '0'),
(660, 32, 'F002', 'K009', 'G034', '0.264'),
(661, 32, 'F001', 'K010', 'G038', '0.1419'),
(662, 32, 'F001', 'K011', NULL, '0'),
(663, 32, 'F003', 'K012', 'G047', '0.396'),
(664, 32, 'F002', 'K013', 'G050', '0.1881'),
(665, 32, 'F002', 'K014', NULL, '0'),
(666, 32, 'F003', 'K015', NULL, '0'),
(667, 32, 'F003', 'K016', 'G063', '0.3762'),
(668, 32, 'F001', 'K017', NULL, '0'),
(669, 32, 'F003', 'K018', 'G071', '0.2904'),
(670, 32, 'F002', 'K019', 'G075', '0.3828'),
(671, 32, 'F003', 'K020', NULL, '0'),
(672, 32, 'F003', 'K021', 'G082', '0.0858'),
(673, 33, 'F001', 'K001', 'G002', '0.2277'),
(674, 33, 'F001', 'K002', 'G006', '0.1254'),
(675, 33, 'F002', 'K003', 'G012', '0.5'),
(676, 33, 'F003', 'K004', 'G015', '0.3828'),
(677, 33, 'F002', 'K005', 'G019', '0.2244'),
(678, 33, 'F002', 'K006', NULL, '0'),
(679, 33, 'F002', 'K007', 'G026', '0.2145'),
(680, 33, 'F002', 'K008', NULL, '0'),
(681, 33, 'F002', 'K009', 'G034', '0.264'),
(682, 33, 'F001', 'K010', 'G038', '0.1419'),
(683, 33, 'F001', 'K011', NULL, '0'),
(684, 33, 'F003', 'K012', 'G047', '0.396'),
(685, 33, 'F002', 'K013', 'G050', '0.1881'),
(686, 33, 'F002', 'K014', NULL, '0'),
(687, 33, 'F003', 'K015', NULL, '0'),
(688, 33, 'F003', 'K016', 'G063', '0.3762'),
(689, 33, 'F001', 'K017', NULL, '0'),
(690, 33, 'F003', 'K018', 'G071', '0.2904'),
(691, 33, 'F002', 'K019', 'G075', '0.3828'),
(692, 33, 'F003', 'K020', NULL, '0'),
(693, 33, 'F003', 'K021', 'G082', '0.0858'),
(694, 34, 'F001', 'K001', 'G002', '0.2277'),
(695, 34, 'F001', 'K002', 'G006', '0.1254'),
(696, 34, 'F002', 'K003', 'G012', '0.5'),
(697, 34, 'F003', 'K004', 'G015', '0.3828'),
(698, 34, 'F002', 'K005', 'G019', '0.2244'),
(699, 34, 'F002', 'K006', NULL, '0'),
(700, 34, 'F002', 'K007', 'G026', '0.2145'),
(701, 34, 'F002', 'K008', NULL, '0'),
(702, 34, 'F002', 'K009', 'G034', '0.264'),
(703, 34, 'F001', 'K010', 'G038', '0.1419'),
(704, 34, 'F001', 'K011', NULL, '0'),
(705, 34, 'F003', 'K012', 'G047', '0.396'),
(706, 34, 'F002', 'K013', 'G050', '0.1881'),
(707, 34, 'F002', 'K014', NULL, '0'),
(708, 34, 'F003', 'K015', NULL, '0'),
(709, 34, 'F003', 'K016', 'G063', '0.3762'),
(710, 34, 'F001', 'K017', NULL, '0'),
(711, 34, 'F003', 'K018', 'G071', '0.2904'),
(712, 34, 'F002', 'K019', 'G075', '0.3828'),
(713, 34, 'F003', 'K020', NULL, '0'),
(714, 34, 'F003', 'K021', 'G082', '0.0858'),
(715, 35, 'F001', 'K001', 'G002', '0.2277'),
(716, 35, 'F001', 'K002', 'G006', '0.1254'),
(717, 35, 'F002', 'K003', 'G012', '0.5'),
(718, 35, 'F003', 'K004', 'G015', '0.3828'),
(719, 35, 'F002', 'K005', 'G019', '0.2244'),
(720, 35, 'F002', 'K006', NULL, '0'),
(721, 35, 'F002', 'K007', 'G026', '0.2145'),
(722, 35, 'F002', 'K008', NULL, '0'),
(723, 35, 'F002', 'K009', 'G034', '0.264'),
(724, 35, 'F001', 'K010', 'G038', '0.1419'),
(725, 35, 'F001', 'K011', NULL, '0'),
(726, 35, 'F003', 'K012', 'G047', '0.396'),
(727, 35, 'F002', 'K013', 'G050', '0.1881'),
(728, 35, 'F002', 'K014', NULL, '0'),
(729, 35, 'F003', 'K015', NULL, '0'),
(730, 35, 'F003', 'K016', 'G063', '0.3762'),
(731, 35, 'F001', 'K017', NULL, '0'),
(732, 35, 'F003', 'K018', 'G071', '0.2904'),
(733, 35, 'F002', 'K019', 'G075', '0.3828'),
(734, 35, 'F003', 'K020', NULL, '0'),
(735, 35, 'F003', 'K021', 'G082', '0.0858'),
(736, 36, 'F001', 'K001', 'G002', '0.2277'),
(737, 36, 'F001', 'K002', 'G006', '0.1254'),
(738, 36, 'F002', 'K003', 'G012', '0.5'),
(739, 36, 'F003', 'K004', 'G015', '0.3828'),
(740, 36, 'F002', 'K005', 'G019', '0.2244'),
(741, 36, 'F002', 'K006', NULL, '0'),
(742, 36, 'F002', 'K007', 'G026', '0.2145'),
(743, 36, 'F002', 'K008', NULL, '0'),
(744, 36, 'F002', 'K009', 'G034', '0.264'),
(745, 36, 'F001', 'K010', 'G038', '0.1419'),
(746, 36, 'F001', 'K011', NULL, '0'),
(747, 36, 'F003', 'K012', 'G047', '0.396'),
(748, 36, 'F002', 'K013', 'G050', '0.1881'),
(749, 36, 'F002', 'K014', NULL, '0'),
(750, 36, 'F003', 'K015', NULL, '0'),
(751, 36, 'F003', 'K016', 'G063', '0.3762'),
(752, 36, 'F001', 'K017', NULL, '0'),
(753, 36, 'F003', 'K018', 'G071', '0.2904'),
(754, 36, 'F002', 'K019', 'G075', '0.3828'),
(755, 36, 'F003', 'K020', NULL, '0'),
(756, 36, 'F003', 'K021', 'G082', '0.0858'),
(757, 37, 'F001', 'K001', 'G002', '0.2277'),
(758, 37, 'F001', 'K002', 'G006', '0.1254'),
(759, 37, 'F002', 'K003', 'G012', '0.5'),
(760, 37, 'F003', 'K004', 'G015', '0.3828'),
(761, 37, 'F002', 'K005', 'G019', '0.2244'),
(762, 37, 'F002', 'K006', NULL, '0'),
(763, 37, 'F002', 'K007', 'G026', '0.2145'),
(764, 37, 'F002', 'K008', NULL, '0'),
(765, 37, 'F002', 'K009', 'G034', '0.264'),
(766, 37, 'F001', 'K010', 'G038', '0.1419'),
(767, 37, 'F001', 'K011', NULL, '0'),
(768, 37, 'F003', 'K012', 'G047', '0.396'),
(769, 37, 'F002', 'K013', 'G050', '0.1881'),
(770, 37, 'F002', 'K014', NULL, '0'),
(771, 37, 'F003', 'K015', NULL, '0'),
(772, 37, 'F003', 'K016', 'G063', '0.3762'),
(773, 37, 'F001', 'K017', NULL, '0'),
(774, 37, 'F003', 'K018', 'G071', '0.2904'),
(775, 37, 'F002', 'K019', 'G075', '0.3828'),
(776, 37, 'F003', 'K020', NULL, '0'),
(777, 37, 'F003', 'K021', 'G082', '0.0858'),
(778, 38, 'F001', 'K001', 'G002', '0.2277'),
(779, 38, 'F001', 'K002', 'G006', '0.1254'),
(780, 38, 'F002', 'K003', 'G012', '0.5'),
(781, 38, 'F003', 'K004', 'G015', '0.3828'),
(782, 38, 'F002', 'K005', 'G019', '0.2244'),
(783, 38, 'F002', 'K006', NULL, '0'),
(784, 38, 'F002', 'K007', 'G026', '0.2145'),
(785, 38, 'F002', 'K008', NULL, '0'),
(786, 38, 'F002', 'K009', 'G034', '0.264'),
(787, 38, 'F001', 'K010', 'G038', '0.1419'),
(788, 38, 'F001', 'K011', NULL, '0'),
(789, 38, 'F003', 'K012', 'G047', '0.396'),
(790, 38, 'F002', 'K013', 'G050', '0.1881'),
(791, 38, 'F002', 'K014', NULL, '0'),
(792, 38, 'F003', 'K015', NULL, '0'),
(793, 38, 'F003', 'K016', 'G063', '0.3762'),
(794, 38, 'F001', 'K017', NULL, '0'),
(795, 38, 'F003', 'K018', 'G071', '0.2904'),
(796, 38, 'F002', 'K019', 'G075', '0.3828'),
(797, 38, 'F003', 'K020', NULL, '0'),
(798, 38, 'F003', 'K021', 'G082', '0.0858'),
(799, 39, 'F001', 'K001', 'G002', '0.2277'),
(800, 39, 'F001', 'K002', 'G006', '0.1254'),
(801, 39, 'F002', 'K003', 'G012', '0.5'),
(802, 39, 'F003', 'K004', 'G015', '0.3828'),
(803, 39, 'F002', 'K005', 'G019', '0.2244'),
(804, 39, 'F002', 'K006', NULL, '0'),
(805, 39, 'F002', 'K007', 'G026', '0.2145'),
(806, 39, 'F002', 'K008', NULL, '0'),
(807, 39, 'F002', 'K009', 'G034', '0.264'),
(808, 39, 'F001', 'K010', 'G038', '0.1419'),
(809, 39, 'F001', 'K011', NULL, '0'),
(810, 39, 'F003', 'K012', 'G047', '0.396'),
(811, 39, 'F002', 'K013', 'G050', '0.1881'),
(812, 39, 'F002', 'K014', NULL, '0'),
(813, 39, 'F003', 'K015', NULL, '0'),
(814, 39, 'F003', 'K016', 'G063', '0.3762'),
(815, 39, 'F001', 'K017', NULL, '0'),
(816, 39, 'F003', 'K018', 'G071', '0.2904'),
(817, 39, 'F002', 'K019', 'G075', '0.3828'),
(818, 39, 'F003', 'K020', NULL, '0'),
(819, 39, 'F003', 'K021', 'G082', '0.0858'),
(820, 40, 'F001', 'K001', 'G002', '0.2277'),
(821, 40, 'F001', 'K002', 'G006', '0.1254'),
(822, 40, 'F002', 'K003', 'G012', '0.5'),
(823, 40, 'F003', 'K004', 'G015', '0.3828'),
(824, 40, 'F002', 'K005', 'G019', '0.2244'),
(825, 40, 'F002', 'K006', NULL, '0'),
(826, 40, 'F002', 'K007', 'G026', '0.2145'),
(827, 40, 'F002', 'K008', NULL, '0'),
(828, 40, 'F002', 'K009', 'G034', '0.264'),
(829, 40, 'F001', 'K010', 'G038', '0.1419'),
(830, 40, 'F001', 'K011', NULL, '0'),
(831, 40, 'F003', 'K012', 'G047', '0.396'),
(832, 40, 'F002', 'K013', 'G050', '0.1881'),
(833, 40, 'F002', 'K014', NULL, '0'),
(834, 40, 'F003', 'K015', NULL, '0'),
(835, 40, 'F003', 'K016', 'G063', '0.3762'),
(836, 40, 'F001', 'K017', NULL, '0'),
(837, 40, 'F003', 'K018', 'G071', '0.2904'),
(838, 40, 'F002', 'K019', 'G075', '0.3828'),
(839, 40, 'F003', 'K020', NULL, '0'),
(840, 40, 'F003', 'K021', 'G082', '0.0858'),
(841, 41, 'F001', 'K001', 'G002', '0.2277'),
(842, 41, 'F001', 'K002', 'G006', '0.1254'),
(843, 41, 'F002', 'K003', 'G012', '0.5'),
(844, 41, 'F003', 'K004', 'G015', '0.3828'),
(845, 41, 'F002', 'K005', 'G019', '0.2244'),
(846, 41, 'F002', 'K006', NULL, '0'),
(847, 41, 'F002', 'K007', 'G026', '0.2145'),
(848, 41, 'F002', 'K008', NULL, '0'),
(849, 41, 'F002', 'K009', 'G034', '0.264'),
(850, 41, 'F001', 'K010', 'G038', '0.1419'),
(851, 41, 'F001', 'K011', NULL, '0'),
(852, 41, 'F003', 'K012', 'G047', '0.396'),
(853, 41, 'F002', 'K013', 'G050', '0.1881'),
(854, 41, 'F002', 'K014', NULL, '0'),
(855, 41, 'F003', 'K015', NULL, '0'),
(856, 41, 'F003', 'K016', 'G063', '0.3762'),
(857, 41, 'F001', 'K017', NULL, '0'),
(858, 41, 'F003', 'K018', 'G071', '0.2904'),
(859, 41, 'F002', 'K019', 'G075', '0.3828'),
(860, 41, 'F003', 'K020', NULL, '0'),
(861, 41, 'F003', 'K021', 'G082', '0.0858'),
(862, 42, 'F001', 'K001', 'G002', '0.2277'),
(863, 42, 'F001', 'K002', 'G006', '0.1254'),
(864, 42, 'F002', 'K003', 'G012', '0.5'),
(865, 42, 'F003', 'K004', 'G015', '0.3828'),
(866, 42, 'F002', 'K005', 'G019', '0.2244'),
(867, 42, 'F002', 'K006', NULL, '0'),
(868, 42, 'F002', 'K007', 'G026', '0.2145'),
(869, 42, 'F002', 'K008', NULL, '0'),
(870, 42, 'F002', 'K009', 'G034', '0.264'),
(871, 42, 'F001', 'K010', 'G038', '0.1419'),
(872, 42, 'F001', 'K011', NULL, '0'),
(873, 42, 'F003', 'K012', 'G047', '0.396'),
(874, 42, 'F002', 'K013', 'G050', '0.1881'),
(875, 42, 'F002', 'K014', NULL, '0'),
(876, 42, 'F003', 'K015', NULL, '0'),
(877, 42, 'F003', 'K016', 'G063', '0.3762'),
(878, 42, 'F001', 'K017', NULL, '0'),
(879, 42, 'F003', 'K018', 'G071', '0.2904'),
(880, 42, 'F002', 'K019', 'G075', '0.3828'),
(881, 42, 'F003', 'K020', NULL, '0'),
(882, 42, 'F003', 'K021', 'G082', '0.0858'),
(883, 43, 'F001', 'K001', NULL, '0'),
(884, 43, 'F001', 'K002', NULL, '0'),
(885, 43, 'F002', 'K003', NULL, '0'),
(886, 43, 'F003', 'K004', NULL, '0'),
(887, 43, 'F002', 'K005', NULL, '0'),
(888, 43, 'F002', 'K006', NULL, '0'),
(889, 43, 'F002', 'K007', NULL, '0'),
(890, 43, 'F002', 'K008', NULL, '0'),
(891, 43, 'F002', 'K009', NULL, '0'),
(892, 43, 'F001', 'K010', NULL, '0'),
(893, 43, 'F001', 'K011', NULL, '0'),
(894, 43, 'F003', 'K012', NULL, '0'),
(895, 43, 'F002', 'K013', NULL, '0'),
(896, 43, 'F002', 'K014', NULL, '0'),
(897, 43, 'F003', 'K015', NULL, '0'),
(898, 43, 'F003', 'K016', NULL, '0'),
(899, 43, 'F001', 'K017', 'G065', '0'),
(900, 43, 'F003', 'K018', 'G070', '0.1452'),
(901, 43, 'F002', 'K019', 'G074', '0.1914'),
(902, 43, 'F003', 'K020', 'G079', '0.297'),
(903, 43, 'F003', 'K021', 'G082', '0.0858'),
(904, 44, 'F001', 'K001', 'G003', '0.4554'),
(905, 44, 'F001', 'K002', 'G006', '0.1254'),
(906, 44, 'F002', 'K003', 'G011', '0.33'),
(907, 44, 'F003', 'K004', 'G015', '0.3828'),
(908, 44, 'F002', 'K005', 'G018', '0.1122'),
(909, 44, 'F002', 'K006', 'G023', '0.3036'),
(910, 44, 'F002', 'K007', 'G026', '0.2145'),
(911, 44, 'F002', 'K008', 'G032', '0.57'),
(912, 44, 'F002', 'K009', 'G034', '0.264'),
(913, 44, 'F001', 'K010', 'G040', '0.43'),
(914, 44, 'F001', 'K011', 'G042', '0.198'),
(915, 44, 'F003', 'K012', 'G047', '0.396'),
(916, 44, 'F002', 'K013', 'G049', '0'),
(917, 44, 'F002', 'K014', 'G056', '0.77'),
(918, 44, 'F003', 'K015', 'G059', '0.33'),
(919, 44, 'F003', 'K016', 'G062', '0.1881'),
(920, 44, 'F001', 'K017', 'G066', '0.1551'),
(921, 44, 'F003', 'K018', NULL, '0'),
(922, 44, 'F002', 'K019', 'G075', '0.3828'),
(923, 44, 'F003', 'K020', 'G080', '0.45'),
(924, 44, 'F003', 'K021', 'G082', '0.0858'),
(925, 45, 'F001', 'K001', 'G003', '0.4554'),
(926, 45, 'F001', 'K002', 'G006', '0.1254'),
(927, 45, 'F002', 'K003', 'G011', '0.33'),
(928, 45, 'F003', 'K004', 'G015', '0.3828'),
(929, 45, 'F002', 'K005', 'G018', '0.1122'),
(930, 45, 'F002', 'K006', 'G023', '0.3036'),
(931, 45, 'F002', 'K007', 'G026', '0.2145'),
(932, 45, 'F002', 'K008', 'G032', '0.57'),
(933, 45, 'F002', 'K009', 'G034', '0.264'),
(934, 45, 'F001', 'K010', 'G040', '0.43'),
(935, 45, 'F001', 'K011', 'G042', '0.198'),
(936, 45, 'F003', 'K012', 'G047', '0.396'),
(937, 45, 'F002', 'K013', 'G049', '0'),
(938, 45, 'F002', 'K014', 'G056', '0.77'),
(939, 45, 'F003', 'K015', 'G059', '0.33'),
(940, 45, 'F003', 'K016', 'G062', '0.1881'),
(941, 45, 'F001', 'K017', 'G066', '0.1551'),
(942, 45, 'F003', 'K018', NULL, '0'),
(943, 45, 'F002', 'K019', 'G075', '0.3828'),
(944, 45, 'F003', 'K020', 'G080', '0.45'),
(945, 45, 'F003', 'K021', 'G082', '0.0858'),
(946, 46, 'F001', 'K001', 'G003', '0.4554'),
(947, 46, 'F001', 'K002', 'G006', '0.1254'),
(948, 46, 'F002', 'K003', 'G011', '0.33'),
(949, 46, 'F003', 'K004', 'G015', '0.3828'),
(950, 46, 'F002', 'K005', 'G018', '0.1122'),
(951, 46, 'F002', 'K006', 'G023', '0.3036'),
(952, 46, 'F002', 'K007', 'G026', '0.2145'),
(953, 46, 'F002', 'K008', 'G032', '0.57'),
(954, 46, 'F002', 'K009', 'G034', '0.264'),
(955, 46, 'F001', 'K010', 'G040', '0.43'),
(956, 46, 'F001', 'K011', 'G042', '0.198'),
(957, 46, 'F003', 'K012', 'G047', '0.396'),
(958, 46, 'F002', 'K013', 'G049', '0'),
(959, 46, 'F002', 'K014', 'G056', '0.77'),
(960, 46, 'F003', 'K015', 'G059', '0.33'),
(961, 46, 'F003', 'K016', 'G062', '0.1881'),
(962, 46, 'F001', 'K017', 'G066', '0.1551'),
(963, 46, 'F003', 'K018', NULL, '0'),
(964, 46, 'F002', 'K019', 'G075', '0.3828'),
(965, 46, 'F003', 'K020', 'G080', '0.45'),
(966, 46, 'F003', 'K021', 'G082', '0.0858'),
(967, 47, 'F001', 'K001', 'G003', '0.4554'),
(968, 47, 'F001', 'K002', 'G006', '0.1254'),
(969, 47, 'F002', 'K003', 'G011', '0.33'),
(970, 47, 'F003', 'K004', 'G015', '0.3828'),
(971, 47, 'F002', 'K005', 'G018', '0.1122'),
(972, 47, 'F002', 'K006', 'G023', '0.3036'),
(973, 47, 'F002', 'K007', 'G026', '0.2145'),
(974, 47, 'F002', 'K008', 'G032', '0.57'),
(975, 47, 'F002', 'K009', 'G034', '0.264'),
(976, 47, 'F001', 'K010', 'G040', '0.43'),
(977, 47, 'F001', 'K011', 'G042', '0.198'),
(978, 47, 'F003', 'K012', 'G047', '0.396'),
(979, 47, 'F002', 'K013', 'G049', '0'),
(980, 47, 'F002', 'K014', 'G056', '0.77'),
(981, 47, 'F003', 'K015', 'G059', '0.33'),
(982, 47, 'F003', 'K016', 'G062', '0.1881'),
(983, 47, 'F001', 'K017', 'G066', '0.1551'),
(984, 47, 'F003', 'K018', NULL, '0'),
(985, 47, 'F002', 'K019', 'G075', '0.3828'),
(986, 47, 'F003', 'K020', 'G080', '0.45'),
(987, 47, 'F003', 'K021', 'G082', '0.0858'),
(988, 48, 'F001', 'K001', 'G003', '0.4554'),
(989, 48, 'F001', 'K002', 'G006', '0.1254'),
(990, 48, 'F002', 'K003', 'G011', '0.33'),
(991, 48, 'F003', 'K004', 'G015', '0.3828'),
(992, 48, 'F002', 'K005', 'G018', '0.1122'),
(993, 48, 'F002', 'K006', 'G023', '0.3036'),
(994, 48, 'F002', 'K007', 'G026', '0.2145'),
(995, 48, 'F002', 'K008', 'G032', '0.57'),
(996, 48, 'F002', 'K009', 'G034', '0.264'),
(997, 48, 'F001', 'K010', 'G040', '0.43'),
(998, 48, 'F001', 'K011', 'G042', '0.198'),
(999, 48, 'F003', 'K012', 'G047', '0.396'),
(1000, 48, 'F002', 'K013', 'G049', '0'),
(1001, 48, 'F002', 'K014', 'G056', '0.77'),
(1002, 48, 'F003', 'K015', 'G059', '0.33'),
(1003, 48, 'F003', 'K016', 'G062', '0.1881'),
(1004, 48, 'F001', 'K017', 'G066', '0.1551'),
(1005, 48, 'F003', 'K018', NULL, '0'),
(1006, 48, 'F002', 'K019', 'G075', '0.3828'),
(1007, 48, 'F003', 'K020', 'G080', '0.45'),
(1008, 48, 'F003', 'K021', 'G082', '0.0858'),
(1009, 49, 'F001', 'K001', 'G003', '0.4554'),
(1010, 49, 'F001', 'K002', 'G006', '0.1254'),
(1011, 49, 'F002', 'K003', 'G011', '0.33'),
(1012, 49, 'F003', 'K004', 'G015', '0.3828'),
(1013, 49, 'F002', 'K005', 'G018', '0.1122'),
(1014, 49, 'F002', 'K006', 'G023', '0.3036'),
(1015, 49, 'F002', 'K007', 'G026', '0.2145'),
(1016, 49, 'F002', 'K008', 'G032', '0.57'),
(1017, 49, 'F002', 'K009', 'G034', '0.264'),
(1018, 49, 'F001', 'K010', 'G040', '0.43'),
(1019, 49, 'F001', 'K011', 'G042', '0.198'),
(1020, 49, 'F003', 'K012', 'G047', '0.396'),
(1021, 49, 'F002', 'K013', 'G049', '0'),
(1022, 49, 'F002', 'K014', 'G056', '0.77'),
(1023, 49, 'F003', 'K015', 'G059', '0.33'),
(1024, 49, 'F003', 'K016', 'G062', '0.1881'),
(1025, 49, 'F001', 'K017', 'G066', '0.1551'),
(1026, 49, 'F003', 'K018', NULL, '0'),
(1027, 49, 'F002', 'K019', 'G075', '0.3828'),
(1028, 49, 'F003', 'K020', 'G080', '0.45'),
(1029, 49, 'F003', 'K021', 'G082', '0.0858'),
(1030, 50, 'F001', 'K001', 'G003', '0.4554'),
(1031, 50, 'F001', 'K002', 'G006', '0.1254'),
(1032, 50, 'F002', 'K003', 'G011', '0.33'),
(1033, 50, 'F003', 'K004', 'G015', '0.3828'),
(1034, 50, 'F002', 'K005', 'G018', '0.1122'),
(1035, 50, 'F002', 'K006', 'G023', '0.3036'),
(1036, 50, 'F002', 'K007', 'G026', '0.2145'),
(1037, 50, 'F002', 'K008', 'G032', '0.57'),
(1038, 50, 'F002', 'K009', 'G034', '0.264'),
(1039, 50, 'F001', 'K010', 'G040', '0.43'),
(1040, 50, 'F001', 'K011', 'G042', '0.198'),
(1041, 50, 'F003', 'K012', 'G047', '0.396'),
(1042, 50, 'F002', 'K013', 'G049', '0'),
(1043, 50, 'F002', 'K014', 'G056', '0.77'),
(1044, 50, 'F003', 'K015', 'G059', '0.33'),
(1045, 50, 'F003', 'K016', 'G062', '0.1881'),
(1046, 50, 'F001', 'K017', 'G066', '0.1551'),
(1047, 50, 'F003', 'K018', NULL, '0'),
(1048, 50, 'F002', 'K019', 'G075', '0.3828'),
(1049, 50, 'F003', 'K020', 'G080', '0.45'),
(1050, 50, 'F003', 'K021', 'G082', '0.0858'),
(1051, 51, 'F001', 'K001', 'G003', '0.4554'),
(1052, 51, 'F001', 'K002', 'G006', '0.1254'),
(1053, 51, 'F002', 'K003', 'G011', '0.33'),
(1054, 51, 'F003', 'K004', 'G015', '0.3828'),
(1055, 51, 'F002', 'K005', 'G018', '0.1122'),
(1056, 51, 'F002', 'K006', 'G023', '0.3036'),
(1057, 51, 'F002', 'K007', 'G026', '0.2145'),
(1058, 51, 'F002', 'K008', 'G032', '0.57'),
(1059, 51, 'F002', 'K009', 'G034', '0.264'),
(1060, 51, 'F001', 'K010', 'G040', '0.43'),
(1061, 51, 'F001', 'K011', 'G042', '0.198'),
(1062, 51, 'F003', 'K012', 'G047', '0.396'),
(1063, 51, 'F002', 'K013', 'G049', '0'),
(1064, 51, 'F002', 'K014', 'G056', '0.77'),
(1065, 51, 'F003', 'K015', 'G059', '0.33'),
(1066, 51, 'F003', 'K016', 'G062', '0.1881'),
(1067, 51, 'F001', 'K017', 'G066', '0.1551'),
(1068, 51, 'F003', 'K018', NULL, '0'),
(1069, 51, 'F002', 'K019', 'G075', '0.3828'),
(1070, 51, 'F003', 'K020', 'G080', '0.45'),
(1071, 51, 'F003', 'K021', 'G082', '0.0858'),
(1072, 52, 'F001', 'K001', 'G003', '0.4554'),
(1073, 52, 'F001', 'K002', 'G006', '0.1254'),
(1074, 52, 'F002', 'K003', 'G010', '0.165'),
(1075, 52, 'F003', 'K004', 'G015', '0.3828'),
(1076, 52, 'F002', 'K005', 'G018', '0.1122'),
(1077, 52, 'F002', 'K006', 'G024', '0.46'),
(1078, 52, 'F002', 'K007', 'G027', '0.429'),
(1079, 52, 'F002', 'K008', 'G032', '0.57'),
(1080, 52, 'F002', 'K009', 'G034', '0.264'),
(1081, 52, 'F001', 'K010', 'G039', '0.2838'),
(1082, 52, 'F001', 'K011', 'G044', '0.6'),
(1083, 52, 'F003', 'K012', 'G047', '0.396'),
(1084, 52, 'F002', 'K013', 'G052', '0.57'),
(1085, 52, 'F002', 'K014', 'G055', '0.5082'),
(1086, 52, 'F003', 'K015', 'G060', '0.5'),
(1087, 52, 'F003', 'K016', 'G064', '0.57'),
(1088, 52, 'F001', 'K017', 'G067', '0.3102'),
(1089, 52, 'F003', 'K018', 'G072', '0.44'),
(1090, 52, 'F002', 'K019', 'G076', '0.58'),
(1091, 52, 'F003', 'K020', 'G079', '0.297'),
(1092, 52, 'F003', 'K021', 'G083', '0.1716'),
(1093, 53, 'F001', 'K001', 'G003', '0.4554'),
(1094, 53, 'F001', 'K002', 'G006', '0.1254'),
(1095, 53, 'F002', 'K003', 'G010', '0.165'),
(1096, 53, 'F003', 'K004', 'G015', '0.3828'),
(1097, 53, 'F002', 'K005', 'G018', '0.1122'),
(1098, 53, 'F002', 'K006', 'G024', '0.46'),
(1099, 53, 'F002', 'K007', 'G027', '0.429'),
(1100, 53, 'F002', 'K008', 'G032', '0.57'),
(1101, 53, 'F002', 'K009', 'G034', '0.264'),
(1102, 53, 'F001', 'K010', 'G039', '0.2838'),
(1103, 53, 'F001', 'K011', 'G044', '0.6'),
(1104, 53, 'F003', 'K012', 'G047', '0.396'),
(1105, 53, 'F002', 'K013', 'G052', '0.57'),
(1106, 53, 'F002', 'K014', 'G055', '0.5082'),
(1107, 53, 'F003', 'K015', 'G060', '0.5'),
(1108, 53, 'F003', 'K016', 'G064', '0.57'),
(1109, 53, 'F001', 'K017', 'G067', '0.3102'),
(1110, 53, 'F003', 'K018', 'G072', '0.44'),
(1111, 53, 'F002', 'K019', 'G076', '0.58'),
(1112, 53, 'F003', 'K020', 'G079', '0.297'),
(1113, 53, 'F003', 'K021', 'G083', '0.1716'),
(1114, 54, 'F001', 'K001', 'G003', '0.4554'),
(1115, 54, 'F001', 'K002', 'G006', '0.1254'),
(1116, 54, 'F002', 'K003', 'G010', '0.165'),
(1117, 54, 'F003', 'K004', 'G015', '0.3828'),
(1118, 54, 'F002', 'K005', 'G018', '0.1122'),
(1119, 54, 'F002', 'K006', 'G024', '0.46'),
(1120, 54, 'F002', 'K007', 'G027', '0.429'),
(1121, 54, 'F002', 'K008', 'G032', '0.57'),
(1122, 54, 'F002', 'K009', 'G034', '0.264'),
(1123, 54, 'F001', 'K010', 'G039', '0.2838'),
(1124, 54, 'F001', 'K011', 'G044', '0.6'),
(1125, 54, 'F003', 'K012', 'G047', '0.396'),
(1126, 54, 'F002', 'K013', 'G052', '0.57'),
(1127, 54, 'F002', 'K014', 'G055', '0.5082'),
(1128, 54, 'F003', 'K015', 'G060', '0.5'),
(1129, 54, 'F003', 'K016', 'G064', '0.57'),
(1130, 54, 'F001', 'K017', 'G067', '0.3102'),
(1131, 54, 'F003', 'K018', 'G072', '0.44'),
(1132, 54, 'F002', 'K019', 'G076', '0.58'),
(1133, 54, 'F003', 'K020', 'G079', '0.297'),
(1134, 54, 'F003', 'K021', 'G083', '0.1716'),
(1135, 55, 'F001', 'K001', 'G003', '0.4554'),
(1136, 55, 'F001', 'K002', 'G006', '0.1254'),
(1137, 55, 'F002', 'K003', 'G010', '0.165'),
(1138, 55, 'F003', 'K004', 'G015', '0.3828'),
(1139, 55, 'F002', 'K005', 'G018', '0.1122'),
(1140, 55, 'F002', 'K006', 'G024', '0.46'),
(1141, 55, 'F002', 'K007', 'G027', '0.429'),
(1142, 55, 'F002', 'K008', 'G032', '0.57'),
(1143, 55, 'F002', 'K009', 'G034', '0.264'),
(1144, 55, 'F001', 'K010', 'G039', '0.2838'),
(1145, 55, 'F001', 'K011', 'G044', '0.6'),
(1146, 55, 'F003', 'K012', 'G047', '0.396'),
(1147, 55, 'F002', 'K013', 'G052', '0.57'),
(1148, 55, 'F002', 'K014', 'G055', '0.5082'),
(1149, 55, 'F003', 'K015', 'G060', '0.5'),
(1150, 55, 'F003', 'K016', 'G064', '0.57'),
(1151, 55, 'F001', 'K017', 'G067', '0.3102'),
(1152, 55, 'F003', 'K018', 'G072', '0.44'),
(1153, 55, 'F002', 'K019', 'G076', '0.58'),
(1154, 55, 'F003', 'K020', 'G079', '0.297'),
(1155, 55, 'F003', 'K021', 'G083', '0.1716'),
(1156, 56, 'F001', 'K001', 'G003', '0.4554'),
(1157, 56, 'F001', 'K002', 'G006', '0.1254'),
(1158, 56, 'F002', 'K003', 'G010', '0.165'),
(1159, 56, 'F003', 'K004', 'G015', '0.3828'),
(1160, 56, 'F002', 'K005', 'G018', '0.1122'),
(1161, 56, 'F002', 'K006', 'G024', '0.46'),
(1162, 56, 'F002', 'K007', 'G027', '0.429'),
(1163, 56, 'F002', 'K008', 'G032', '0.57'),
(1164, 56, 'F002', 'K009', 'G034', '0.264'),
(1165, 56, 'F001', 'K010', 'G039', '0.2838'),
(1166, 56, 'F001', 'K011', 'G044', '0.6'),
(1167, 56, 'F003', 'K012', 'G047', '0.396'),
(1168, 56, 'F002', 'K013', 'G052', '0.57'),
(1169, 56, 'F002', 'K014', 'G055', '0.5082'),
(1170, 56, 'F003', 'K015', 'G060', '0.5'),
(1171, 56, 'F003', 'K016', 'G064', '0.57'),
(1172, 56, 'F001', 'K017', 'G067', '0.3102'),
(1173, 56, 'F003', 'K018', 'G072', '0.44'),
(1174, 56, 'F002', 'K019', 'G076', '0.58'),
(1175, 56, 'F003', 'K020', 'G079', '0.297'),
(1176, 56, 'F003', 'K021', 'G083', '0.1716'),
(1177, 57, 'F001', 'K001', 'G003', '0.4554'),
(1178, 57, 'F001', 'K002', 'G006', '0.1254'),
(1179, 57, 'F002', 'K003', 'G010', '0.165'),
(1180, 57, 'F003', 'K004', 'G015', '0.3828'),
(1181, 57, 'F002', 'K005', 'G018', '0.1122'),
(1182, 57, 'F002', 'K006', 'G024', '0.46'),
(1183, 57, 'F002', 'K007', 'G027', '0.429'),
(1184, 57, 'F002', 'K008', 'G032', '0.57'),
(1185, 57, 'F002', 'K009', 'G034', '0.264'),
(1186, 57, 'F001', 'K010', 'G039', '0.2838'),
(1187, 57, 'F001', 'K011', 'G044', '0.6'),
(1188, 57, 'F003', 'K012', 'G047', '0.396'),
(1189, 57, 'F002', 'K013', 'G052', '0.57'),
(1190, 57, 'F002', 'K014', 'G055', '0.5082'),
(1191, 57, 'F003', 'K015', 'G060', '0.5'),
(1192, 57, 'F003', 'K016', 'G064', '0.57'),
(1193, 57, 'F001', 'K017', 'G067', '0.3102'),
(1194, 57, 'F003', 'K018', 'G072', '0.44'),
(1195, 57, 'F002', 'K019', 'G076', '0.58'),
(1196, 57, 'F003', 'K020', 'G079', '0.297'),
(1197, 57, 'F003', 'K021', 'G083', '0.1716'),
(1198, 58, 'F001', 'K001', 'G003', '0.4554'),
(1199, 58, 'F001', 'K002', 'G006', '0.1254'),
(1200, 58, 'F002', 'K003', 'G010', '0.165'),
(1201, 58, 'F003', 'K004', 'G015', '0.3828'),
(1202, 58, 'F002', 'K005', 'G018', '0.1122'),
(1203, 58, 'F002', 'K006', 'G024', '0.46'),
(1204, 58, 'F002', 'K007', 'G027', '0.429'),
(1205, 58, 'F002', 'K008', 'G032', '0.57'),
(1206, 58, 'F002', 'K009', 'G034', '0.264'),
(1207, 58, 'F001', 'K010', 'G039', '0.2838'),
(1208, 58, 'F001', 'K011', 'G044', '0.6'),
(1209, 58, 'F003', 'K012', 'G047', '0.396'),
(1210, 58, 'F002', 'K013', 'G052', '0.57'),
(1211, 58, 'F002', 'K014', 'G055', '0.5082'),
(1212, 58, 'F003', 'K015', 'G060', '0.5'),
(1213, 58, 'F003', 'K016', 'G064', '0.57'),
(1214, 58, 'F001', 'K017', 'G067', '0.3102'),
(1215, 58, 'F003', 'K018', 'G072', '0.44'),
(1216, 58, 'F002', 'K019', 'G076', '0.58'),
(1217, 58, 'F003', 'K020', 'G079', '0.297'),
(1218, 58, 'F003', 'K021', 'G083', '0.1716'),
(1219, 59, 'F001', 'K001', 'G003', '0.4554'),
(1220, 59, 'F001', 'K002', 'G006', '0.1254'),
(1221, 59, 'F002', 'K003', 'G010', '0.165'),
(1222, 59, 'F003', 'K004', 'G015', '0.3828'),
(1223, 59, 'F002', 'K005', 'G018', '0.1122'),
(1224, 59, 'F002', 'K006', 'G024', '0.46'),
(1225, 59, 'F002', 'K007', 'G027', '0.429'),
(1226, 59, 'F002', 'K008', 'G032', '0.57'),
(1227, 59, 'F002', 'K009', 'G034', '0.264'),
(1228, 59, 'F001', 'K010', 'G039', '0.2838'),
(1229, 59, 'F001', 'K011', 'G044', '0.6'),
(1230, 59, 'F003', 'K012', 'G047', '0.396'),
(1231, 59, 'F002', 'K013', 'G052', '0.57'),
(1232, 59, 'F002', 'K014', 'G055', '0.5082'),
(1233, 59, 'F003', 'K015', 'G060', '0.5'),
(1234, 59, 'F003', 'K016', 'G064', '0.57'),
(1235, 59, 'F001', 'K017', 'G067', '0.3102'),
(1236, 59, 'F003', 'K018', 'G072', '0.44'),
(1237, 59, 'F002', 'K019', 'G076', '0.58'),
(1238, 59, 'F003', 'K020', 'G079', '0.297'),
(1239, 59, 'F003', 'K021', 'G083', '0.1716'),
(1240, 60, 'F001', 'K001', 'G003', '0.4554'),
(1241, 60, 'F001', 'K002', 'G006', '0.1254'),
(1242, 60, 'F002', 'K003', 'G010', '0.165'),
(1243, 60, 'F003', 'K004', 'G015', '0.3828'),
(1244, 60, 'F002', 'K005', 'G018', '0.1122'),
(1245, 60, 'F002', 'K006', 'G024', '0.46'),
(1246, 60, 'F002', 'K007', 'G027', '0.429'),
(1247, 60, 'F002', 'K008', 'G032', '0.57'),
(1248, 60, 'F002', 'K009', 'G034', '0.264'),
(1249, 60, 'F001', 'K010', 'G039', '0.2838');
INSERT INTO `tb_detail_pemeriksaan` (`id_detail`, `id_pemeriksaan`, `id_faktor`, `id_kategori`, `id_gejala`, `total`) VALUES
(1250, 60, 'F001', 'K011', 'G044', '0.6'),
(1251, 60, 'F003', 'K012', 'G047', '0.396'),
(1252, 60, 'F002', 'K013', 'G052', '0.57'),
(1253, 60, 'F002', 'K014', 'G055', '0.5082'),
(1254, 60, 'F003', 'K015', 'G060', '0.5'),
(1255, 60, 'F003', 'K016', 'G064', '0.57'),
(1256, 60, 'F001', 'K017', 'G067', '0.3102'),
(1257, 60, 'F003', 'K018', 'G072', '0.44'),
(1258, 60, 'F002', 'K019', 'G076', '0.58'),
(1259, 60, 'F003', 'K020', 'G079', '0.297'),
(1260, 60, 'F003', 'K021', 'G083', '0.1716'),
(1261, 61, 'F001', 'K001', 'G003', '0.4554'),
(1262, 61, 'F001', 'K002', 'G006', '0.1254'),
(1263, 61, 'F002', 'K003', 'G010', '0.165'),
(1264, 61, 'F003', 'K004', 'G015', '0.3828'),
(1265, 61, 'F002', 'K005', 'G018', '0.1122'),
(1266, 61, 'F002', 'K006', 'G024', '0.46'),
(1267, 61, 'F002', 'K007', 'G027', '0.429'),
(1268, 61, 'F002', 'K008', 'G032', '0.57'),
(1269, 61, 'F002', 'K009', 'G034', '0.264'),
(1270, 61, 'F001', 'K010', 'G039', '0.2838'),
(1271, 61, 'F001', 'K011', 'G044', '0.6'),
(1272, 61, 'F003', 'K012', 'G047', '0.396'),
(1273, 61, 'F002', 'K013', 'G052', '0.57'),
(1274, 61, 'F002', 'K014', 'G055', '0.5082'),
(1275, 61, 'F003', 'K015', 'G060', '0.5'),
(1276, 61, 'F003', 'K016', 'G064', '0.57'),
(1277, 61, 'F001', 'K017', 'G067', '0.3102'),
(1278, 61, 'F003', 'K018', 'G072', '0.44'),
(1279, 61, 'F002', 'K019', 'G076', '0.58'),
(1280, 61, 'F003', 'K020', 'G079', '0.297'),
(1281, 61, 'F003', 'K021', 'G083', '0.1716'),
(1282, 62, 'F001', 'K001', 'G003', '0.4554'),
(1283, 62, 'F001', 'K002', 'G006', '0.1254'),
(1284, 62, 'F002', 'K003', 'G010', '0.165'),
(1285, 62, 'F003', 'K004', 'G015', '0.3828'),
(1286, 62, 'F002', 'K005', 'G018', '0.1122'),
(1287, 62, 'F002', 'K006', 'G024', '0.46'),
(1288, 62, 'F002', 'K007', 'G027', '0.429'),
(1289, 62, 'F002', 'K008', 'G032', '0.57'),
(1290, 62, 'F002', 'K009', 'G034', '0.264'),
(1291, 62, 'F001', 'K010', 'G039', '0.2838'),
(1292, 62, 'F001', 'K011', 'G044', '0.6'),
(1293, 62, 'F003', 'K012', 'G047', '0.396'),
(1294, 62, 'F002', 'K013', 'G052', '0.57'),
(1295, 62, 'F002', 'K014', 'G055', '0.5082'),
(1296, 62, 'F003', 'K015', 'G060', '0.5'),
(1297, 62, 'F003', 'K016', 'G064', '0.57'),
(1298, 62, 'F001', 'K017', 'G067', '0.3102'),
(1299, 62, 'F003', 'K018', 'G072', '0.44'),
(1300, 62, 'F002', 'K019', 'G076', '0.58'),
(1301, 62, 'F003', 'K020', 'G079', '0.297'),
(1302, 62, 'F003', 'K021', 'G083', '0.1716'),
(1303, 63, 'F001', 'K001', 'G003', '0.4554'),
(1304, 63, 'F001', 'K002', 'G006', '0.1254'),
(1305, 63, 'F002', 'K003', 'G010', '0.165'),
(1306, 63, 'F003', 'K004', 'G015', '0.3828'),
(1307, 63, 'F002', 'K005', 'G018', '0.1122'),
(1308, 63, 'F002', 'K006', 'G024', '0.46'),
(1309, 63, 'F002', 'K007', 'G027', '0.429'),
(1310, 63, 'F002', 'K008', 'G032', '0.57'),
(1311, 63, 'F002', 'K009', 'G034', '0.264'),
(1312, 63, 'F001', 'K010', 'G039', '0.2838'),
(1313, 63, 'F001', 'K011', 'G044', '0.6'),
(1314, 63, 'F003', 'K012', 'G047', '0.396'),
(1315, 63, 'F002', 'K013', 'G052', '0.57'),
(1316, 63, 'F002', 'K014', 'G055', '0.5082'),
(1317, 63, 'F003', 'K015', 'G060', '0.5'),
(1318, 63, 'F003', 'K016', 'G064', '0.57'),
(1319, 63, 'F001', 'K017', 'G067', '0.3102'),
(1320, 63, 'F003', 'K018', 'G072', '0.44'),
(1321, 63, 'F002', 'K019', 'G076', '0.58'),
(1322, 63, 'F003', 'K020', 'G079', '0.297'),
(1323, 63, 'F003', 'K021', 'G083', '0.1716'),
(1324, 64, 'F001', 'K001', 'G003', '0.4554'),
(1325, 64, 'F001', 'K002', 'G006', '0.1254'),
(1326, 64, 'F002', 'K003', 'G010', '0.165'),
(1327, 64, 'F003', 'K004', 'G015', '0.3828'),
(1328, 64, 'F002', 'K005', 'G018', '0.1122'),
(1329, 64, 'F002', 'K006', 'G024', '0.46'),
(1330, 64, 'F002', 'K007', 'G027', '0.429'),
(1331, 64, 'F002', 'K008', 'G032', '0.57'),
(1332, 64, 'F002', 'K009', 'G034', '0.264'),
(1333, 64, 'F001', 'K010', 'G039', '0.2838'),
(1334, 64, 'F001', 'K011', 'G044', '0.6'),
(1335, 64, 'F003', 'K012', 'G047', '0.396'),
(1336, 64, 'F002', 'K013', 'G052', '0.57'),
(1337, 64, 'F002', 'K014', 'G055', '0.5082'),
(1338, 64, 'F003', 'K015', 'G060', '0.5'),
(1339, 64, 'F003', 'K016', 'G064', '0.57'),
(1340, 64, 'F001', 'K017', 'G067', '0.3102'),
(1341, 64, 'F003', 'K018', 'G072', '0.44'),
(1342, 64, 'F002', 'K019', 'G076', '0.58'),
(1343, 64, 'F003', 'K020', 'G079', '0.297'),
(1344, 64, 'F003', 'K021', 'G083', '0.1716'),
(1345, 65, 'F001', 'K001', 'G003', '0.4554'),
(1346, 65, 'F001', 'K002', 'G006', '0.1254'),
(1347, 65, 'F002', 'K003', 'G010', '0.165'),
(1348, 65, 'F003', 'K004', 'G015', '0.3828'),
(1349, 65, 'F002', 'K005', 'G018', '0.1122'),
(1350, 65, 'F002', 'K006', 'G024', '0.46'),
(1351, 65, 'F002', 'K007', 'G027', '0.429'),
(1352, 65, 'F002', 'K008', 'G032', '0.57'),
(1353, 65, 'F002', 'K009', 'G034', '0.264'),
(1354, 65, 'F001', 'K010', 'G039', '0.2838'),
(1355, 65, 'F001', 'K011', 'G044', '0.6'),
(1356, 65, 'F003', 'K012', 'G047', '0.396'),
(1357, 65, 'F002', 'K013', 'G052', '0.57'),
(1358, 65, 'F002', 'K014', 'G055', '0.5082'),
(1359, 65, 'F003', 'K015', 'G060', '0.5'),
(1360, 65, 'F003', 'K016', 'G064', '0.57'),
(1361, 65, 'F001', 'K017', 'G067', '0.3102'),
(1362, 65, 'F003', 'K018', 'G072', '0.44'),
(1363, 65, 'F002', 'K019', 'G076', '0.58'),
(1364, 65, 'F003', 'K020', 'G079', '0.297'),
(1365, 65, 'F003', 'K021', 'G083', '0.1716'),
(1366, 66, 'F001', 'K001', 'G003', '0.4554'),
(1367, 66, 'F001', 'K002', 'G006', '0.1254'),
(1368, 66, 'F002', 'K003', 'G010', '0.165'),
(1369, 66, 'F003', 'K004', 'G015', '0.3828'),
(1370, 66, 'F002', 'K005', 'G018', '0.1122'),
(1371, 66, 'F002', 'K006', 'G024', '0.46'),
(1372, 66, 'F002', 'K007', 'G027', '0.429'),
(1373, 66, 'F002', 'K008', 'G032', '0.57'),
(1374, 66, 'F002', 'K009', 'G034', '0.264'),
(1375, 66, 'F001', 'K010', 'G039', '0.2838'),
(1376, 66, 'F001', 'K011', 'G044', '0.6'),
(1377, 66, 'F003', 'K012', 'G047', '0.396'),
(1378, 66, 'F002', 'K013', 'G052', '0.57'),
(1379, 66, 'F002', 'K014', 'G055', '0.5082'),
(1380, 66, 'F003', 'K015', 'G060', '0.5'),
(1381, 66, 'F003', 'K016', 'G064', '0.57'),
(1382, 66, 'F001', 'K017', 'G067', '0.3102'),
(1383, 66, 'F003', 'K018', 'G072', '0.44'),
(1384, 66, 'F002', 'K019', 'G076', '0.58'),
(1385, 66, 'F003', 'K020', 'G079', '0.297'),
(1386, 66, 'F003', 'K021', 'G083', '0.1716'),
(1387, 67, 'F001', 'K001', 'G003', '0.4554'),
(1388, 67, 'F001', 'K002', 'G006', '0.1254'),
(1389, 67, 'F002', 'K003', 'G010', '0.165'),
(1390, 67, 'F003', 'K004', 'G015', '0.3828'),
(1391, 67, 'F002', 'K005', 'G018', '0.1122'),
(1392, 67, 'F002', 'K006', 'G024', '0.46'),
(1393, 67, 'F002', 'K007', 'G027', '0.429'),
(1394, 67, 'F002', 'K008', 'G032', '0.57'),
(1395, 67, 'F002', 'K009', 'G034', '0.264'),
(1396, 67, 'F001', 'K010', 'G039', '0.2838'),
(1397, 67, 'F001', 'K011', 'G044', '0.6'),
(1398, 67, 'F003', 'K012', 'G047', '0.396'),
(1399, 67, 'F002', 'K013', 'G052', '0.57'),
(1400, 67, 'F002', 'K014', 'G055', '0.5082'),
(1401, 67, 'F003', 'K015', 'G060', '0.5'),
(1402, 67, 'F003', 'K016', 'G064', '0.57'),
(1403, 67, 'F001', 'K017', 'G067', '0.3102'),
(1404, 67, 'F003', 'K018', 'G072', '0.44'),
(1405, 67, 'F002', 'K019', 'G076', '0.58'),
(1406, 67, 'F003', 'K020', 'G079', '0.297'),
(1407, 67, 'F003', 'K021', 'G083', '0.1716'),
(1408, 68, 'F001', 'K001', 'G003', '0.4554'),
(1409, 68, 'F001', 'K002', 'G006', '0.1254'),
(1410, 68, 'F002', 'K003', 'G010', '0.165'),
(1411, 68, 'F003', 'K004', 'G015', '0.3828'),
(1412, 68, 'F002', 'K005', 'G018', '0.1122'),
(1413, 68, 'F002', 'K006', 'G024', '0.46'),
(1414, 68, 'F002', 'K007', 'G027', '0.429'),
(1415, 68, 'F002', 'K008', 'G032', '0.57'),
(1416, 68, 'F002', 'K009', 'G034', '0.264'),
(1417, 68, 'F001', 'K010', 'G039', '0.2838'),
(1418, 68, 'F001', 'K011', 'G044', '0.6'),
(1419, 68, 'F003', 'K012', 'G047', '0.396'),
(1420, 68, 'F002', 'K013', 'G052', '0.57'),
(1421, 68, 'F002', 'K014', 'G055', '0.5082'),
(1422, 68, 'F003', 'K015', 'G060', '0.5'),
(1423, 68, 'F003', 'K016', 'G064', '0.57'),
(1424, 68, 'F001', 'K017', 'G067', '0.3102'),
(1425, 68, 'F003', 'K018', 'G072', '0.44'),
(1426, 68, 'F002', 'K019', 'G076', '0.58'),
(1427, 68, 'F003', 'K020', 'G079', '0.297'),
(1428, 68, 'F003', 'K021', 'G083', '0.1716'),
(1429, 69, 'F001', 'K001', 'G003', '0.4554'),
(1430, 69, 'F001', 'K002', 'G006', '0.1254'),
(1431, 69, 'F002', 'K003', 'G010', '0.165'),
(1432, 69, 'F003', 'K004', 'G015', '0.3828'),
(1433, 69, 'F002', 'K005', 'G018', '0.1122'),
(1434, 69, 'F002', 'K006', 'G024', '0.46'),
(1435, 69, 'F002', 'K007', 'G027', '0.429'),
(1436, 69, 'F002', 'K008', 'G032', '0.57'),
(1437, 69, 'F002', 'K009', 'G034', '0.264'),
(1438, 69, 'F001', 'K010', 'G039', '0.2838'),
(1439, 69, 'F001', 'K011', 'G044', '0.6'),
(1440, 69, 'F003', 'K012', 'G047', '0.396'),
(1441, 69, 'F002', 'K013', 'G052', '0.57'),
(1442, 69, 'F002', 'K014', 'G055', '0.5082'),
(1443, 69, 'F003', 'K015', 'G060', '0.5'),
(1444, 69, 'F003', 'K016', 'G064', '0.57'),
(1445, 69, 'F001', 'K017', 'G067', '0.3102'),
(1446, 69, 'F003', 'K018', 'G072', '0.44'),
(1447, 69, 'F002', 'K019', 'G076', '0.58'),
(1448, 69, 'F003', 'K020', 'G079', '0.297'),
(1449, 69, 'F003', 'K021', 'G083', '0.1716'),
(1450, 70, 'F001', 'K001', 'G003', '0.4554'),
(1451, 70, 'F001', 'K002', 'G006', '0.1254'),
(1452, 70, 'F002', 'K003', 'G010', '0.165'),
(1453, 70, 'F003', 'K004', 'G015', '0.3828'),
(1454, 70, 'F002', 'K005', 'G018', '0.1122'),
(1455, 70, 'F002', 'K006', 'G024', '0.46'),
(1456, 70, 'F002', 'K007', 'G027', '0.429'),
(1457, 70, 'F002', 'K008', 'G032', '0.57'),
(1458, 70, 'F002', 'K009', 'G034', '0.264'),
(1459, 70, 'F001', 'K010', 'G039', '0.2838'),
(1460, 70, 'F001', 'K011', 'G044', '0.6'),
(1461, 70, 'F003', 'K012', 'G047', '0.396'),
(1462, 70, 'F002', 'K013', 'G052', '0.57'),
(1463, 70, 'F002', 'K014', 'G055', '0.5082'),
(1464, 70, 'F003', 'K015', 'G060', '0.5'),
(1465, 70, 'F003', 'K016', 'G064', '0.57'),
(1466, 70, 'F001', 'K017', 'G067', '0.3102'),
(1467, 70, 'F003', 'K018', 'G072', '0.44'),
(1468, 70, 'F002', 'K019', 'G076', '0.58'),
(1469, 70, 'F003', 'K020', 'G079', '0.297'),
(1470, 70, 'F003', 'K021', 'G083', '0.1716'),
(1471, 71, 'F001', 'K001', 'G003', '0.4554'),
(1472, 71, 'F001', 'K002', 'G006', '0.1254'),
(1473, 71, 'F002', 'K003', 'G010', '0.165'),
(1474, 71, 'F003', 'K004', 'G015', '0.3828'),
(1475, 71, 'F002', 'K005', 'G018', '0.1122'),
(1476, 71, 'F002', 'K006', 'G024', '0.46'),
(1477, 71, 'F002', 'K007', 'G027', '0.429'),
(1478, 71, 'F002', 'K008', 'G032', '0.57'),
(1479, 71, 'F002', 'K009', 'G034', '0.264'),
(1480, 71, 'F001', 'K010', 'G039', '0.2838'),
(1481, 71, 'F001', 'K011', 'G044', '0.6'),
(1482, 71, 'F003', 'K012', 'G047', '0.396'),
(1483, 71, 'F002', 'K013', 'G052', '0.57'),
(1484, 71, 'F002', 'K014', 'G055', '0.5082'),
(1485, 71, 'F003', 'K015', 'G060', '0.5'),
(1486, 71, 'F003', 'K016', 'G064', '0.57'),
(1487, 71, 'F001', 'K017', 'G067', '0.3102'),
(1488, 71, 'F003', 'K018', 'G072', '0.44'),
(1489, 71, 'F002', 'K019', 'G076', '0.58'),
(1490, 71, 'F003', 'K020', 'G079', '0.297'),
(1491, 71, 'F003', 'K021', 'G083', '0.1716'),
(1492, 72, 'F001', 'K001', 'G003', '0.4554'),
(1493, 72, 'F001', 'K002', 'G006', '0.1254'),
(1494, 72, 'F002', 'K003', 'G010', '0.165'),
(1495, 72, 'F003', 'K004', 'G015', '0.3828'),
(1496, 72, 'F002', 'K005', 'G018', '0.1122'),
(1497, 72, 'F002', 'K006', 'G024', '0.46'),
(1498, 72, 'F002', 'K007', 'G027', '0.429'),
(1499, 72, 'F002', 'K008', 'G032', '0.57'),
(1500, 72, 'F002', 'K009', 'G034', '0.264'),
(1501, 72, 'F001', 'K010', 'G039', '0.2838'),
(1502, 72, 'F001', 'K011', 'G044', '0.6'),
(1503, 72, 'F003', 'K012', 'G047', '0.396'),
(1504, 72, 'F002', 'K013', 'G052', '0.57'),
(1505, 72, 'F002', 'K014', 'G055', '0.5082'),
(1506, 72, 'F003', 'K015', 'G060', '0.5'),
(1507, 72, 'F003', 'K016', 'G064', '0.57'),
(1508, 72, 'F001', 'K017', 'G067', '0.3102'),
(1509, 72, 'F003', 'K018', 'G072', '0.44'),
(1510, 72, 'F002', 'K019', 'G076', '0.58'),
(1511, 72, 'F003', 'K020', 'G079', '0.297'),
(1512, 72, 'F003', 'K021', 'G083', '0.1716'),
(1513, 73, 'F001', 'K001', 'G003', '0.4554'),
(1514, 73, 'F001', 'K002', 'G006', '0.1254'),
(1515, 73, 'F002', 'K003', 'G010', '0.165'),
(1516, 73, 'F003', 'K004', 'G015', '0.3828'),
(1517, 73, 'F002', 'K005', 'G018', '0.1122'),
(1518, 73, 'F002', 'K006', 'G024', '0.46'),
(1519, 73, 'F002', 'K007', 'G027', '0.429'),
(1520, 73, 'F002', 'K008', 'G032', '0.57'),
(1521, 73, 'F002', 'K009', 'G034', '0.264'),
(1522, 73, 'F001', 'K010', 'G039', '0.2838'),
(1523, 73, 'F001', 'K011', 'G044', '0.6'),
(1524, 73, 'F003', 'K012', 'G047', '0.396'),
(1525, 73, 'F002', 'K013', 'G052', '0.57'),
(1526, 73, 'F002', 'K014', 'G055', '0.5082'),
(1527, 73, 'F003', 'K015', 'G060', '0.5'),
(1528, 73, 'F003', 'K016', 'G064', '0.57'),
(1529, 73, 'F001', 'K017', 'G067', '0.3102'),
(1530, 73, 'F003', 'K018', 'G072', '0.44'),
(1531, 73, 'F002', 'K019', 'G076', '0.58'),
(1532, 73, 'F003', 'K020', 'G079', '0.297'),
(1533, 73, 'F003', 'K021', 'G083', '0.1716'),
(1534, 74, 'F001', 'K001', 'G003', '0.4554'),
(1535, 74, 'F001', 'K002', 'G006', '0.1254'),
(1536, 74, 'F002', 'K003', 'G010', '0.165'),
(1537, 74, 'F003', 'K004', 'G015', '0.3828'),
(1538, 74, 'F002', 'K005', 'G018', '0.1122'),
(1539, 74, 'F002', 'K006', 'G024', '0.46'),
(1540, 74, 'F002', 'K007', 'G027', '0.429'),
(1541, 74, 'F002', 'K008', 'G032', '0.57'),
(1542, 74, 'F002', 'K009', 'G034', '0.264'),
(1543, 74, 'F001', 'K010', 'G039', '0.2838'),
(1544, 74, 'F001', 'K011', 'G044', '0.6'),
(1545, 74, 'F003', 'K012', 'G047', '0.396'),
(1546, 74, 'F002', 'K013', 'G052', '0.57'),
(1547, 74, 'F002', 'K014', 'G055', '0.5082'),
(1548, 74, 'F003', 'K015', 'G060', '0.5'),
(1549, 74, 'F003', 'K016', 'G064', '0.57'),
(1550, 74, 'F001', 'K017', 'G067', '0.3102'),
(1551, 74, 'F003', 'K018', 'G072', '0.44'),
(1552, 74, 'F002', 'K019', 'G076', '0.58'),
(1553, 74, 'F003', 'K020', 'G079', '0.297'),
(1554, 74, 'F003', 'K021', 'G083', '0.1716'),
(1555, 75, 'F001', 'K001', 'G003', '0.4554'),
(1556, 75, 'F001', 'K002', 'G006', '0.1254'),
(1557, 75, 'F002', 'K003', 'G010', '0.165'),
(1558, 75, 'F003', 'K004', 'G015', '0.3828'),
(1559, 75, 'F002', 'K005', 'G018', '0.1122'),
(1560, 75, 'F002', 'K006', 'G024', '0.46'),
(1561, 75, 'F002', 'K007', 'G027', '0.429'),
(1562, 75, 'F002', 'K008', 'G032', '0.57'),
(1563, 75, 'F002', 'K009', 'G034', '0.264'),
(1564, 75, 'F001', 'K010', 'G039', '0.2838'),
(1565, 75, 'F001', 'K011', 'G044', '0.6'),
(1566, 75, 'F003', 'K012', 'G047', '0.396'),
(1567, 75, 'F002', 'K013', 'G052', '0.57'),
(1568, 75, 'F002', 'K014', 'G055', '0.5082'),
(1569, 75, 'F003', 'K015', 'G060', '0.5'),
(1570, 75, 'F003', 'K016', 'G064', '0.57'),
(1571, 75, 'F001', 'K017', 'G067', '0.3102'),
(1572, 75, 'F003', 'K018', 'G072', '0.44'),
(1573, 75, 'F002', 'K019', 'G076', '0.58'),
(1574, 75, 'F003', 'K020', 'G079', '0.297'),
(1575, 75, 'F003', 'K021', 'G083', '0.1716'),
(1576, 76, 'F001', 'K001', 'G003', '0.4554'),
(1577, 76, 'F001', 'K002', 'G006', '0.1254'),
(1578, 76, 'F002', 'K003', 'G010', '0.165'),
(1579, 76, 'F003', 'K004', 'G015', '0.3828'),
(1580, 76, 'F002', 'K005', 'G018', '0.1122'),
(1581, 76, 'F002', 'K006', 'G024', '0.46'),
(1582, 76, 'F002', 'K007', 'G027', '0.429'),
(1583, 76, 'F002', 'K008', 'G032', '0.57'),
(1584, 76, 'F002', 'K009', 'G034', '0.264'),
(1585, 76, 'F001', 'K010', 'G039', '0.2838'),
(1586, 76, 'F001', 'K011', 'G044', '0.6'),
(1587, 76, 'F003', 'K012', 'G047', '0.396'),
(1588, 76, 'F002', 'K013', 'G052', '0.57'),
(1589, 76, 'F002', 'K014', 'G055', '0.5082'),
(1590, 76, 'F003', 'K015', 'G060', '0.5'),
(1591, 76, 'F003', 'K016', 'G064', '0.57'),
(1592, 76, 'F001', 'K017', 'G067', '0.3102'),
(1593, 76, 'F003', 'K018', 'G072', '0.44'),
(1594, 76, 'F002', 'K019', 'G076', '0.58'),
(1595, 76, 'F003', 'K020', 'G079', '0.297'),
(1596, 76, 'F003', 'K021', 'G083', '0.1716'),
(1597, 77, 'F001', 'K001', 'G001', '0'),
(1598, 77, 'F001', 'K002', NULL, '0'),
(1599, 77, 'F002', 'K003', NULL, '0'),
(1600, 77, 'F003', 'K004', NULL, '0'),
(1601, 77, 'F002', 'K005', NULL, '0'),
(1602, 77, 'F002', 'K006', NULL, '0'),
(1603, 77, 'F002', 'K007', NULL, '0'),
(1604, 77, 'F002', 'K008', NULL, '0'),
(1605, 77, 'F002', 'K009', NULL, '0'),
(1606, 77, 'F001', 'K010', NULL, '0'),
(1607, 77, 'F001', 'K011', NULL, '0'),
(1608, 77, 'F003', 'K012', NULL, '0'),
(1609, 77, 'F002', 'K013', NULL, '0'),
(1610, 77, 'F002', 'K014', NULL, '0'),
(1611, 77, 'F003', 'K015', NULL, '0'),
(1612, 77, 'F003', 'K016', NULL, '0'),
(1613, 77, 'F001', 'K017', NULL, '0'),
(1614, 77, 'F003', 'K018', NULL, '0'),
(1615, 77, 'F002', 'K019', NULL, '0'),
(1616, 77, 'F003', 'K020', NULL, '0'),
(1617, 77, 'F003', 'K021', NULL, '0'),
(1618, 78, 'F001', 'K001', NULL, '0'),
(1619, 78, 'F001', 'K002', NULL, '0'),
(1620, 78, 'F002', 'K003', NULL, '0'),
(1621, 78, 'F003', 'K004', NULL, '0'),
(1622, 78, 'F002', 'K005', NULL, '0'),
(1623, 78, 'F002', 'K006', NULL, '0'),
(1624, 78, 'F002', 'K007', NULL, '0'),
(1625, 78, 'F002', 'K008', NULL, '0'),
(1626, 78, 'F002', 'K009', NULL, '0'),
(1627, 78, 'F001', 'K010', NULL, '0'),
(1628, 78, 'F001', 'K011', NULL, '0'),
(1629, 78, 'F003', 'K012', NULL, '0'),
(1630, 78, 'F002', 'K013', NULL, '0'),
(1631, 78, 'F002', 'K014', NULL, '0'),
(1632, 78, 'F003', 'K015', NULL, '0'),
(1633, 78, 'F003', 'K016', NULL, '0'),
(1634, 78, 'F001', 'K017', NULL, '0'),
(1635, 78, 'F003', 'K018', NULL, '0'),
(1636, 78, 'F002', 'K019', 'G075', '0.3828'),
(1637, 78, 'F003', 'K020', 'G079', '0.297'),
(1638, 78, 'F003', 'K021', 'G084', '0.26'),
(1639, 79, 'F001', 'K001', 'G002', '0.2277'),
(1640, 79, 'F001', 'K002', 'G006', '0.1254'),
(1641, 79, 'F002', 'K003', 'G012', '0.5'),
(1642, 79, 'F003', 'K004', NULL, '0'),
(1643, 79, 'F002', 'K005', NULL, '0'),
(1644, 79, 'F002', 'K006', NULL, '0'),
(1645, 79, 'F002', 'K007', NULL, '0'),
(1646, 79, 'F002', 'K008', NULL, '0'),
(1647, 79, 'F002', 'K009', NULL, '0'),
(1648, 79, 'F001', 'K010', NULL, '0'),
(1649, 79, 'F001', 'K011', NULL, '0'),
(1650, 79, 'F003', 'K012', NULL, '0'),
(1651, 79, 'F002', 'K013', NULL, '0'),
(1652, 79, 'F002', 'K014', NULL, '0'),
(1653, 79, 'F003', 'K015', NULL, '0'),
(1654, 79, 'F003', 'K016', NULL, '0'),
(1655, 79, 'F001', 'K017', NULL, '0'),
(1656, 79, 'F003', 'K018', NULL, '0'),
(1657, 79, 'F002', 'K019', NULL, '0'),
(1658, 79, 'F003', 'K020', NULL, '0'),
(1659, 79, 'F003', 'K021', 'G081', '0'),
(1660, 80, 'F001', 'K001', 'G002', '0.2277'),
(1661, 80, 'F001', 'K002', 'G007', '0.2508'),
(1662, 80, 'F002', 'K003', 'G010', '0.165'),
(1663, 80, 'F003', 'K004', 'G016', '0.58'),
(1664, 80, 'F002', 'K005', 'G019', '0.2244'),
(1665, 80, 'F002', 'K006', 'G023', '0.3036'),
(1666, 80, 'F002', 'K007', 'G028', '0.65'),
(1667, 80, 'F002', 'K008', 'G031', '0.3762'),
(1668, 80, 'F002', 'K009', 'G034', '0.264'),
(1669, 80, 'F001', 'K010', NULL, '0'),
(1670, 80, 'F001', 'K011', NULL, '0'),
(1671, 80, 'F003', 'K012', NULL, '0'),
(1672, 80, 'F002', 'K013', NULL, '0'),
(1673, 80, 'F002', 'K014', NULL, '0'),
(1674, 80, 'F003', 'K015', NULL, '0'),
(1675, 80, 'F003', 'K016', NULL, '0'),
(1676, 80, 'F001', 'K017', NULL, '0'),
(1677, 80, 'F003', 'K018', NULL, '0'),
(1678, 80, 'F002', 'K019', NULL, '0'),
(1679, 80, 'F003', 'K020', NULL, '0'),
(1680, 80, 'F003', 'K021', NULL, '0'),
(1681, 81, 'F001', 'K001', NULL, '0'),
(1682, 81, 'F001', 'K002', NULL, '0'),
(1683, 81, 'F002', 'K003', NULL, '0'),
(1684, 81, 'F003', 'K004', NULL, '0'),
(1685, 81, 'F002', 'K005', NULL, '0'),
(1686, 81, 'F002', 'K006', NULL, '0'),
(1687, 81, 'F002', 'K007', NULL, '0'),
(1688, 81, 'F002', 'K008', 'G031', '0.3762'),
(1689, 81, 'F002', 'K009', NULL, '0'),
(1690, 81, 'F001', 'K010', NULL, '0'),
(1691, 81, 'F001', 'K011', 'G041', '0'),
(1692, 81, 'F003', 'K012', NULL, '0'),
(1693, 81, 'F002', 'K013', NULL, '0'),
(1694, 81, 'F002', 'K014', 'G054', '0.2541'),
(1695, 81, 'F003', 'K015', NULL, '0'),
(1696, 81, 'F003', 'K016', NULL, '0'),
(1697, 81, 'F001', 'K017', NULL, '0'),
(1698, 81, 'F003', 'K018', NULL, '0'),
(1699, 81, 'F002', 'K019', 'G074', '0.1914'),
(1700, 81, 'F003', 'K020', 'G079', '0.297'),
(1701, 81, 'F003', 'K021', 'G082', '0.0858'),
(1702, 82, 'F001', 'K001', 'G002', '0.2277'),
(1703, 82, 'F001', 'K002', 'G007', '0.2508'),
(1704, 82, 'F002', 'K003', 'G010', '0.165'),
(1705, 82, 'F003', 'K004', 'G015', '0.3828'),
(1706, 82, 'F002', 'K005', 'G020', '0.34'),
(1707, 82, 'F002', 'K006', 'G022', '0.1518'),
(1708, 82, 'F002', 'K007', 'G027', '0.429'),
(1709, 82, 'F002', 'K008', 'G031', '0.3762'),
(1710, 82, 'F002', 'K009', 'G036', '0.8'),
(1711, 82, 'F001', 'K010', 'G037', '0'),
(1712, 82, 'F001', 'K011', 'G042', '0.198'),
(1713, 82, 'F003', 'K012', 'G047', '0.396'),
(1714, 82, 'F002', 'K013', 'G050', '0.1881'),
(1715, 82, 'F002', 'K014', 'G056', '0.77'),
(1716, 82, 'F003', 'K015', 'G060', '0.5'),
(1717, 82, 'F003', 'K016', NULL, '0'),
(1718, 82, 'F001', 'K017', 'G067', '0.3102'),
(1719, 82, 'F003', 'K018', 'G071', '0.2904'),
(1720, 82, 'F002', 'K019', 'G074', '0.1914'),
(1721, 82, 'F003', 'K020', 'G080', '0.45'),
(1722, 82, 'F003', 'K021', 'G083', '0.1716'),
(1723, 83, 'F001', 'K001', NULL, '0'),
(1724, 83, 'F001', 'K002', NULL, '0'),
(1725, 83, 'F002', 'K003', NULL, '0'),
(1726, 83, 'F003', 'K004', NULL, '0'),
(1727, 83, 'F002', 'K005', NULL, '0'),
(1728, 83, 'F002', 'K006', NULL, '0'),
(1729, 83, 'F002', 'K007', NULL, '0'),
(1730, 83, 'F002', 'K008', NULL, '0'),
(1731, 83, 'F002', 'K009', NULL, '0'),
(1732, 83, 'F001', 'K010', NULL, '0'),
(1733, 83, 'F001', 'K011', 'G043', '0.396'),
(1734, 83, 'F003', 'K012', 'G047', '0.396'),
(1735, 83, 'F002', 'K013', 'G052', '0.57'),
(1736, 83, 'F002', 'K014', 'G056', '0.77'),
(1737, 83, 'F003', 'K015', 'G060', '0.5'),
(1738, 83, 'F003', 'K016', 'G064', '0.57'),
(1739, 83, 'F001', 'K017', 'G068', '0.47'),
(1740, 83, 'F003', 'K018', 'G072', '0.44'),
(1741, 83, 'F002', 'K019', 'G076', '0.58'),
(1742, 83, 'F003', 'K020', 'G080', '0.45'),
(1743, 83, 'F003', 'K021', 'G084', '0.26'),
(1744, 84, 'F001', 'K001', NULL, '0'),
(1745, 84, 'F001', 'K002', NULL, '0'),
(1746, 84, 'F002', 'K003', NULL, '0'),
(1747, 84, 'F003', 'K004', NULL, '0'),
(1748, 84, 'F002', 'K005', NULL, '0'),
(1749, 84, 'F002', 'K006', NULL, '0'),
(1750, 84, 'F002', 'K007', NULL, '0'),
(1751, 84, 'F002', 'K008', NULL, '0'),
(1752, 84, 'F002', 'K009', NULL, '0'),
(1753, 84, 'F001', 'K010', NULL, '0'),
(1754, 84, 'F001', 'K011', 'G043', '0.396'),
(1755, 84, 'F003', 'K012', 'G047', '0.396'),
(1756, 84, 'F002', 'K013', 'G052', '0.57'),
(1757, 84, 'F002', 'K014', 'G056', '0.77'),
(1758, 84, 'F003', 'K015', 'G060', '0.5'),
(1759, 84, 'F003', 'K016', 'G064', '0.57'),
(1760, 84, 'F001', 'K017', 'G068', '0.47'),
(1761, 84, 'F003', 'K018', 'G072', '0.44'),
(1762, 84, 'F002', 'K019', 'G076', '0.58'),
(1763, 84, 'F003', 'K020', 'G080', '0.45'),
(1764, 84, 'F003', 'K021', 'G084', '0.26'),
(1765, 85, 'F001', 'K001', NULL, '0'),
(1766, 85, 'F001', 'K002', NULL, '0'),
(1767, 85, 'F002', 'K003', NULL, '0'),
(1768, 85, 'F003', 'K004', NULL, '0'),
(1769, 85, 'F002', 'K005', NULL, '0'),
(1770, 85, 'F002', 'K006', NULL, '0'),
(1771, 85, 'F002', 'K007', NULL, '0'),
(1772, 85, 'F002', 'K008', NULL, '0'),
(1773, 85, 'F002', 'K009', NULL, '0'),
(1774, 85, 'F001', 'K010', NULL, '0'),
(1775, 85, 'F001', 'K011', 'G043', '0.396'),
(1776, 85, 'F003', 'K012', 'G048', '0.6'),
(1777, 85, 'F002', 'K013', 'G052', '0.57'),
(1778, 85, 'F002', 'K014', 'G055', '0.5082'),
(1779, 85, 'F003', 'K015', 'G059', '0.33'),
(1780, 85, 'F003', 'K016', 'G063', '0.3762'),
(1781, 85, 'F001', 'K017', 'G068', '0.47'),
(1782, 85, 'F003', 'K018', 'G072', '0.44'),
(1783, 85, 'F002', 'K019', 'G076', '0.58'),
(1784, 85, 'F003', 'K020', 'G080', '0.45'),
(1785, 85, 'F003', 'K021', 'G084', '0.26'),
(1786, 86, 'F001', 'K001', NULL, '0'),
(1787, 86, 'F001', 'K002', NULL, '0'),
(1788, 86, 'F002', 'K003', NULL, '0'),
(1789, 86, 'F003', 'K004', NULL, '0'),
(1790, 86, 'F002', 'K005', NULL, '0'),
(1791, 86, 'F002', 'K006', NULL, '0'),
(1792, 86, 'F002', 'K007', NULL, '0'),
(1793, 86, 'F002', 'K008', NULL, '0'),
(1794, 86, 'F002', 'K009', NULL, '0'),
(1795, 86, 'F001', 'K010', NULL, '0'),
(1796, 86, 'F001', 'K011', 'G043', '0.396'),
(1797, 86, 'F003', 'K012', 'G048', '0.6'),
(1798, 86, 'F002', 'K013', 'G052', '0.57'),
(1799, 86, 'F002', 'K014', 'G055', '0.5082'),
(1800, 86, 'F003', 'K015', 'G059', '0.33'),
(1801, 86, 'F003', 'K016', 'G063', '0.3762'),
(1802, 86, 'F001', 'K017', 'G068', '0.47'),
(1803, 86, 'F003', 'K018', 'G072', '0.44'),
(1804, 86, 'F002', 'K019', 'G076', '0.58'),
(1805, 86, 'F003', 'K020', 'G080', '0.45'),
(1806, 86, 'F003', 'K021', 'G084', '0.26'),
(1807, 87, 'F001', 'K001', NULL, '0'),
(1808, 87, 'F001', 'K002', NULL, '0'),
(1809, 87, 'F002', 'K003', NULL, '0'),
(1810, 87, 'F003', 'K004', NULL, '0'),
(1811, 87, 'F002', 'K005', NULL, '0'),
(1812, 87, 'F002', 'K006', NULL, '0'),
(1813, 87, 'F002', 'K007', NULL, '0'),
(1814, 87, 'F002', 'K008', NULL, '0'),
(1815, 87, 'F002', 'K009', NULL, '0'),
(1816, 87, 'F001', 'K010', NULL, '0'),
(1817, 87, 'F001', 'K011', 'G043', '0.396'),
(1818, 87, 'F003', 'K012', 'G048', '0.6'),
(1819, 87, 'F002', 'K013', 'G052', '0.57'),
(1820, 87, 'F002', 'K014', 'G055', '0.5082'),
(1821, 87, 'F003', 'K015', 'G059', '0.33'),
(1822, 87, 'F003', 'K016', 'G063', '0.3762'),
(1823, 87, 'F001', 'K017', 'G068', '0.47'),
(1824, 87, 'F003', 'K018', 'G072', '0.44'),
(1825, 87, 'F002', 'K019', 'G076', '0.58'),
(1826, 87, 'F003', 'K020', 'G080', '0.45'),
(1827, 87, 'F003', 'K021', 'G084', '0.26'),
(1828, 88, 'F001', 'K001', NULL, '0'),
(1829, 88, 'F001', 'K002', NULL, '0'),
(1830, 88, 'F002', 'K003', NULL, '0'),
(1831, 88, 'F003', 'K004', NULL, '0'),
(1832, 88, 'F002', 'K005', NULL, '0'),
(1833, 88, 'F002', 'K006', NULL, '0'),
(1834, 88, 'F002', 'K007', NULL, '0'),
(1835, 88, 'F002', 'K008', NULL, '0'),
(1836, 88, 'F002', 'K009', NULL, '0'),
(1837, 88, 'F001', 'K010', NULL, '0'),
(1838, 88, 'F001', 'K011', 'G043', '0.396'),
(1839, 88, 'F003', 'K012', 'G048', '0.6'),
(1840, 88, 'F002', 'K013', 'G052', '0.57'),
(1841, 88, 'F002', 'K014', 'G055', '0.5082'),
(1842, 88, 'F003', 'K015', 'G059', '0.33'),
(1843, 88, 'F003', 'K016', 'G063', '0.3762'),
(1844, 88, 'F001', 'K017', 'G068', '0.47'),
(1845, 88, 'F003', 'K018', 'G072', '0.44'),
(1846, 88, 'F002', 'K019', 'G076', '0.58'),
(1847, 88, 'F003', 'K020', 'G080', '0.45'),
(1848, 88, 'F003', 'K021', 'G084', '0.26'),
(1849, 89, 'F001', 'K001', NULL, '0'),
(1850, 89, 'F001', 'K002', NULL, '0'),
(1851, 89, 'F002', 'K003', NULL, '0'),
(1852, 89, 'F003', 'K004', NULL, '0'),
(1853, 89, 'F002', 'K005', NULL, '0'),
(1854, 89, 'F002', 'K006', NULL, '0'),
(1855, 89, 'F002', 'K007', NULL, '0'),
(1856, 89, 'F002', 'K008', NULL, '0'),
(1857, 89, 'F002', 'K009', NULL, '0'),
(1858, 89, 'F001', 'K010', NULL, '0'),
(1859, 89, 'F001', 'K011', 'G043', '0.396'),
(1860, 89, 'F003', 'K012', 'G048', '0.6'),
(1861, 89, 'F002', 'K013', 'G052', '0.57'),
(1862, 89, 'F002', 'K014', 'G055', '0.5082'),
(1863, 89, 'F003', 'K015', 'G059', '0.33'),
(1864, 89, 'F003', 'K016', 'G063', '0.3762'),
(1865, 89, 'F001', 'K017', 'G068', '0.47'),
(1866, 89, 'F003', 'K018', 'G072', '0.44'),
(1867, 89, 'F002', 'K019', 'G076', '0.58'),
(1868, 89, 'F003', 'K020', 'G080', '0.45'),
(1869, 89, 'F003', 'K021', 'G084', '0.26'),
(1870, 90, 'F001', 'K001', NULL, '0'),
(1871, 90, 'F001', 'K002', NULL, '0'),
(1872, 90, 'F002', 'K003', NULL, '0'),
(1873, 90, 'F003', 'K004', NULL, '0'),
(1874, 90, 'F002', 'K005', NULL, '0'),
(1875, 90, 'F002', 'K006', NULL, '0'),
(1876, 90, 'F002', 'K007', NULL, '0'),
(1877, 90, 'F002', 'K008', NULL, '0'),
(1878, 90, 'F002', 'K009', NULL, '0'),
(1879, 90, 'F001', 'K010', NULL, '0'),
(1880, 90, 'F001', 'K011', 'G043', '0.396'),
(1881, 90, 'F003', 'K012', 'G048', '0.6'),
(1882, 90, 'F002', 'K013', 'G052', '0.57'),
(1883, 90, 'F002', 'K014', 'G055', '0.5082'),
(1884, 90, 'F003', 'K015', 'G059', '0.33'),
(1885, 90, 'F003', 'K016', 'G063', '0.3762'),
(1886, 90, 'F001', 'K017', 'G068', '0.47'),
(1887, 90, 'F003', 'K018', 'G072', '0.44'),
(1888, 90, 'F002', 'K019', 'G076', '0.58'),
(1889, 90, 'F003', 'K020', 'G080', '0.45'),
(1890, 90, 'F003', 'K021', 'G084', '0.26'),
(1891, 91, 'F001', 'K001', NULL, '0'),
(1892, 91, 'F001', 'K002', NULL, '0'),
(1893, 91, 'F002', 'K003', NULL, '0'),
(1894, 91, 'F003', 'K004', NULL, '0'),
(1895, 91, 'F002', 'K005', NULL, '0'),
(1896, 91, 'F002', 'K006', NULL, '0'),
(1897, 91, 'F002', 'K007', NULL, '0'),
(1898, 91, 'F002', 'K008', NULL, '0'),
(1899, 91, 'F002', 'K009', NULL, '0'),
(1900, 91, 'F001', 'K010', NULL, '0'),
(1901, 91, 'F001', 'K011', 'G043', '0.396'),
(1902, 91, 'F003', 'K012', 'G048', '0.6'),
(1903, 91, 'F002', 'K013', 'G052', '0.57'),
(1904, 91, 'F002', 'K014', 'G055', '0.5082'),
(1905, 91, 'F003', 'K015', 'G059', '0.33'),
(1906, 91, 'F003', 'K016', 'G063', '0.3762'),
(1907, 91, 'F001', 'K017', 'G068', '0.47'),
(1908, 91, 'F003', 'K018', 'G072', '0.44'),
(1909, 91, 'F002', 'K019', 'G076', '0.58'),
(1910, 91, 'F003', 'K020', 'G080', '0.45'),
(1911, 91, 'F003', 'K021', 'G084', '0.26'),
(1912, 92, 'F001', 'K001', NULL, '0'),
(1913, 92, 'F001', 'K002', NULL, '0'),
(1914, 92, 'F002', 'K003', NULL, '0'),
(1915, 92, 'F003', 'K004', NULL, '0'),
(1916, 92, 'F002', 'K005', NULL, '0'),
(1917, 92, 'F002', 'K006', NULL, '0'),
(1918, 92, 'F002', 'K007', NULL, '0'),
(1919, 92, 'F002', 'K008', NULL, '0'),
(1920, 92, 'F002', 'K009', NULL, '0'),
(1921, 92, 'F001', 'K010', NULL, '0'),
(1922, 92, 'F001', 'K011', 'G043', '0.396'),
(1923, 92, 'F003', 'K012', 'G048', '0.6'),
(1924, 92, 'F002', 'K013', 'G052', '0.57'),
(1925, 92, 'F002', 'K014', 'G055', '0.5082'),
(1926, 92, 'F003', 'K015', 'G059', '0.33'),
(1927, 92, 'F003', 'K016', 'G063', '0.3762'),
(1928, 92, 'F001', 'K017', 'G068', '0.47'),
(1929, 92, 'F003', 'K018', 'G072', '0.44'),
(1930, 92, 'F002', 'K019', 'G076', '0.58'),
(1931, 92, 'F003', 'K020', 'G080', '0.45'),
(1932, 92, 'F003', 'K021', 'G084', '0.26'),
(1933, 93, 'F001', 'K001', NULL, '0'),
(1934, 93, 'F001', 'K002', NULL, '0'),
(1935, 93, 'F002', 'K003', NULL, '0'),
(1936, 93, 'F003', 'K004', NULL, '0'),
(1937, 93, 'F002', 'K005', NULL, '0'),
(1938, 93, 'F002', 'K006', NULL, '0'),
(1939, 93, 'F002', 'K007', NULL, '0'),
(1940, 93, 'F002', 'K008', NULL, '0'),
(1941, 93, 'F002', 'K009', NULL, '0'),
(1942, 93, 'F001', 'K010', NULL, '0'),
(1943, 93, 'F001', 'K011', 'G043', '0.396'),
(1944, 93, 'F003', 'K012', 'G048', '0.6'),
(1945, 93, 'F002', 'K013', 'G052', '0.57'),
(1946, 93, 'F002', 'K014', 'G055', '0.5082'),
(1947, 93, 'F003', 'K015', 'G059', '0.33'),
(1948, 93, 'F003', 'K016', 'G063', '0.3762'),
(1949, 93, 'F001', 'K017', 'G068', '0.47'),
(1950, 93, 'F003', 'K018', 'G072', '0.44'),
(1951, 93, 'F002', 'K019', 'G076', '0.58'),
(1952, 93, 'F003', 'K020', 'G080', '0.45'),
(1953, 93, 'F003', 'K021', 'G084', '0.26'),
(1954, 94, 'F001', 'K001', NULL, '0'),
(1955, 94, 'F001', 'K002', NULL, '0'),
(1956, 94, 'F002', 'K003', NULL, '0'),
(1957, 94, 'F003', 'K004', NULL, '0'),
(1958, 94, 'F002', 'K005', NULL, '0'),
(1959, 94, 'F002', 'K006', NULL, '0'),
(1960, 94, 'F002', 'K007', NULL, '0'),
(1961, 94, 'F002', 'K008', NULL, '0'),
(1962, 94, 'F002', 'K009', NULL, '0'),
(1963, 94, 'F001', 'K010', NULL, '0'),
(1964, 94, 'F001', 'K011', 'G043', '0.396'),
(1965, 94, 'F003', 'K012', 'G048', '0.6'),
(1966, 94, 'F002', 'K013', 'G052', '0.57'),
(1967, 94, 'F002', 'K014', 'G055', '0.5082'),
(1968, 94, 'F003', 'K015', 'G059', '0.33'),
(1969, 94, 'F003', 'K016', 'G063', '0.3762'),
(1970, 94, 'F001', 'K017', 'G068', '0.47'),
(1971, 94, 'F003', 'K018', 'G072', '0.44'),
(1972, 94, 'F002', 'K019', 'G076', '0.58'),
(1973, 94, 'F003', 'K020', 'G080', '0.45'),
(1974, 94, 'F003', 'K021', 'G084', '0.26'),
(1975, 95, 'F001', 'K001', NULL, '0'),
(1976, 95, 'F001', 'K002', NULL, '0'),
(1977, 95, 'F002', 'K003', NULL, '0'),
(1978, 95, 'F003', 'K004', NULL, '0'),
(1979, 95, 'F002', 'K005', NULL, '0'),
(1980, 95, 'F002', 'K006', NULL, '0'),
(1981, 95, 'F002', 'K007', NULL, '0'),
(1982, 95, 'F002', 'K008', NULL, '0'),
(1983, 95, 'F002', 'K009', NULL, '0'),
(1984, 95, 'F001', 'K010', NULL, '0'),
(1985, 95, 'F001', 'K011', 'G043', '0.396'),
(1986, 95, 'F003', 'K012', 'G048', '0.6'),
(1987, 95, 'F002', 'K013', 'G052', '0.57'),
(1988, 95, 'F002', 'K014', 'G055', '0.5082'),
(1989, 95, 'F003', 'K015', 'G059', '0.33'),
(1990, 95, 'F003', 'K016', 'G063', '0.3762'),
(1991, 95, 'F001', 'K017', 'G068', '0.47'),
(1992, 95, 'F003', 'K018', 'G072', '0.44'),
(1993, 95, 'F002', 'K019', 'G076', '0.58'),
(1994, 95, 'F003', 'K020', 'G080', '0.45'),
(1995, 95, 'F003', 'K021', 'G084', '0.26'),
(1996, 96, 'F001', 'K001', NULL, '0'),
(1997, 96, 'F001', 'K002', NULL, '0'),
(1998, 96, 'F002', 'K003', NULL, '0'),
(1999, 96, 'F003', 'K004', NULL, '0'),
(2000, 96, 'F002', 'K005', NULL, '0'),
(2001, 96, 'F002', 'K006', NULL, '0'),
(2002, 96, 'F002', 'K007', NULL, '0'),
(2003, 96, 'F002', 'K008', NULL, '0'),
(2004, 96, 'F002', 'K009', NULL, '0'),
(2005, 96, 'F001', 'K010', NULL, '0'),
(2006, 96, 'F001', 'K011', 'G043', '0.396'),
(2007, 96, 'F003', 'K012', 'G048', '0.6'),
(2008, 96, 'F002', 'K013', 'G052', '0.57'),
(2009, 96, 'F002', 'K014', 'G055', '0.5082'),
(2010, 96, 'F003', 'K015', 'G059', '0.33'),
(2011, 96, 'F003', 'K016', 'G063', '0.3762'),
(2012, 96, 'F001', 'K017', 'G068', '0.47'),
(2013, 96, 'F003', 'K018', 'G072', '0.44'),
(2014, 96, 'F002', 'K019', 'G076', '0.58'),
(2015, 96, 'F003', 'K020', 'G080', '0.45'),
(2016, 96, 'F003', 'K021', 'G084', '0.26'),
(2017, 97, 'F001', 'K001', 'G001', '0'),
(2018, 97, 'F001', 'K002', 'G005', '0'),
(2019, 97, 'F002', 'K003', 'G009', '0'),
(2020, 97, 'F003', 'K004', NULL, '0'),
(2021, 97, 'F002', 'K005', 'G017', '0'),
(2022, 97, 'F002', 'K006', NULL, '0'),
(2023, 97, 'F002', 'K007', NULL, '0'),
(2024, 97, 'F002', 'K008', 'G029', '0'),
(2025, 97, 'F002', 'K009', NULL, '0'),
(2026, 97, 'F001', 'K010', NULL, '0'),
(2027, 97, 'F001', 'K011', NULL, '0'),
(2028, 97, 'F003', 'K012', 'G045', '0'),
(2029, 97, 'F002', 'K013', NULL, '0'),
(2030, 97, 'F002', 'K014', NULL, '0'),
(2031, 97, 'F003', 'K015', NULL, '0'),
(2032, 97, 'F003', 'K016', NULL, '0'),
(2033, 97, 'F001', 'K017', NULL, '0'),
(2034, 97, 'F003', 'K018', NULL, '0'),
(2035, 97, 'F002', 'K019', NULL, '0'),
(2036, 97, 'F003', 'K020', NULL, '0'),
(2037, 97, 'F003', 'K021', NULL, '0'),
(2038, 98, 'F001', 'K001', 'G001', '0'),
(2039, 98, 'F001', 'K002', 'G005', '0'),
(2040, 98, 'F002', 'K003', 'G009', '0'),
(2041, 98, 'F003', 'K004', NULL, '0'),
(2042, 98, 'F002', 'K005', 'G017', '0'),
(2043, 98, 'F002', 'K006', NULL, '0'),
(2044, 98, 'F002', 'K007', NULL, '0'),
(2045, 98, 'F002', 'K008', 'G029', '0'),
(2046, 98, 'F002', 'K009', NULL, '0'),
(2047, 98, 'F001', 'K010', NULL, '0'),
(2048, 98, 'F001', 'K011', NULL, '0'),
(2049, 98, 'F003', 'K012', 'G045', '0'),
(2050, 98, 'F002', 'K013', NULL, '0'),
(2051, 98, 'F002', 'K014', NULL, '0'),
(2052, 98, 'F003', 'K015', NULL, '0'),
(2053, 98, 'F003', 'K016', NULL, '0'),
(2054, 98, 'F001', 'K017', NULL, '0'),
(2055, 98, 'F003', 'K018', NULL, '0'),
(2056, 98, 'F002', 'K019', NULL, '0'),
(2057, 98, 'F003', 'K020', NULL, '0'),
(2058, 98, 'F003', 'K021', NULL, '0'),
(2059, 99, 'F001', 'K001', 'G003', '0.4554'),
(2060, 99, 'F001', 'K002', 'G007', '0.2508'),
(2061, 99, 'F002', 'K003', 'G011', '0.33'),
(2062, 99, 'F003', 'K004', 'G015', '0.3828'),
(2063, 99, 'F002', 'K005', 'G019', '0.2244'),
(2064, 99, 'F002', 'K006', 'G023', '0.3036'),
(2065, 99, 'F002', 'K007', 'G027', '0.429'),
(2066, 99, 'F002', 'K008', 'G031', '0.3762'),
(2067, 99, 'F002', 'K009', 'G035', '0.528'),
(2068, 99, 'F001', 'K010', 'G039', '0.2838'),
(2069, 99, 'F001', 'K011', 'G043', '0.396'),
(2070, 99, 'F003', 'K012', 'G047', '0.396'),
(2071, 99, 'F002', 'K013', 'G051', '0.3762'),
(2072, 99, 'F002', 'K014', 'G055', '0.5082'),
(2073, 99, 'F003', 'K015', 'G059', '0.33'),
(2074, 99, 'F003', 'K016', 'G063', '0.3762'),
(2075, 99, 'F001', 'K017', 'G067', '0.3102'),
(2076, 99, 'F003', 'K018', 'G071', '0.2904'),
(2077, 99, 'F002', 'K019', 'G075', '0.3828'),
(2078, 99, 'F003', 'K020', 'G079', '0.297'),
(2079, 99, 'F003', 'K021', 'G083', '0.1716'),
(2080, 100, 'F001', 'K001', 'G003', '0.4554'),
(2081, 100, 'F001', 'K002', 'G007', '0.2508'),
(2082, 100, 'F002', 'K003', 'G011', '0.33'),
(2083, 100, 'F003', 'K004', 'G015', '0.3828'),
(2084, 100, 'F002', 'K005', 'G019', '0.2244'),
(2085, 100, 'F002', 'K006', 'G023', '0.3036'),
(2086, 100, 'F002', 'K007', 'G027', '0.429'),
(2087, 100, 'F002', 'K008', 'G031', '0.3762'),
(2088, 100, 'F002', 'K009', 'G035', '0.528'),
(2089, 100, 'F001', 'K010', 'G039', '0.2838'),
(2090, 100, 'F001', 'K011', 'G043', '0.396'),
(2091, 100, 'F003', 'K012', 'G047', '0.396'),
(2092, 100, 'F002', 'K013', 'G051', '0.3762'),
(2093, 100, 'F002', 'K014', 'G055', '0.5082'),
(2094, 100, 'F003', 'K015', 'G059', '0.33'),
(2095, 100, 'F003', 'K016', 'G063', '0.3762'),
(2096, 100, 'F001', 'K017', 'G067', '0.3102'),
(2097, 100, 'F003', 'K018', 'G071', '0.2904'),
(2098, 100, 'F002', 'K019', 'G075', '0.3828'),
(2099, 100, 'F003', 'K020', 'G079', '0.297'),
(2100, 100, 'F003', 'K021', 'G083', '0.1716'),
(2101, 101, 'F001', 'K001', 'G001', '0'),
(2102, 101, 'F001', 'K002', 'G005', '0'),
(2103, 101, 'F002', 'K003', NULL, '0'),
(2104, 101, 'F003', 'K004', 'G013', '0'),
(2105, 101, 'F002', 'K005', 'G017', '0'),
(2106, 101, 'F002', 'K006', 'G021', '0'),
(2107, 101, 'F002', 'K007', 'G025', '0'),
(2108, 101, 'F002', 'K008', 'G029', '0'),
(2109, 101, 'F002', 'K009', 'G033', '0'),
(2110, 101, 'F001', 'K010', 'G037', '0'),
(2111, 101, 'F001', 'K011', 'G041', '0'),
(2112, 101, 'F003', 'K012', 'G045', '0'),
(2113, 101, 'F002', 'K013', 'G049', '0'),
(2114, 101, 'F002', 'K014', 'G053', '0'),
(2115, 101, 'F003', 'K015', 'G057', '0'),
(2116, 101, 'F003', 'K016', 'G061', '0'),
(2117, 101, 'F001', 'K017', 'G065', '0'),
(2118, 101, 'F003', 'K018', 'G069', '0'),
(2119, 101, 'F002', 'K019', 'G073', '0'),
(2120, 101, 'F003', 'K020', 'G077', '0'),
(2121, 101, 'F003', 'K021', 'G081', '0'),
(2122, 102, 'F001', 'K001', 'G002', '0.2277'),
(2123, 102, 'F001', 'K002', 'G006', '0.1254'),
(2124, 102, 'F002', 'K003', 'G010', '0.165'),
(2125, 102, 'F003', 'K004', 'G014', '0.1914'),
(2126, 102, 'F002', 'K005', 'G018', '0.1122'),
(2127, 102, 'F002', 'K006', 'G022', '0.1518'),
(2128, 102, 'F002', 'K007', 'G026', '0.2145'),
(2129, 102, 'F002', 'K008', 'G030', '0.1881'),
(2130, 102, 'F002', 'K009', 'G034', '0.264'),
(2131, 102, 'F001', 'K010', 'G038', '0.1419'),
(2132, 102, 'F001', 'K011', 'G042', '0.198'),
(2133, 102, 'F003', 'K012', 'G046', '0.198'),
(2134, 102, 'F002', 'K013', 'G050', '0.1881'),
(2135, 102, 'F002', 'K014', 'G054', '0.2541'),
(2136, 102, 'F003', 'K015', 'G058', '0.165'),
(2137, 102, 'F003', 'K016', 'G062', '0.1881'),
(2138, 102, 'F001', 'K017', 'G066', '0.1551'),
(2139, 102, 'F003', 'K018', 'G070', '0.1452'),
(2140, 102, 'F002', 'K019', 'G074', '0.1914'),
(2141, 102, 'F003', 'K020', 'G078', '0.1485'),
(2142, 102, 'F003', 'K021', 'G082', '0.0858'),
(2143, 103, 'F001', 'K001', 'G004', '0.69'),
(2144, 103, 'F001', 'K002', 'G008', '0.38'),
(2145, 103, 'F002', 'K003', 'G012', '0.5'),
(2146, 103, 'F003', 'K004', 'G016', '0.58'),
(2147, 103, 'F002', 'K005', 'G020', '0.34'),
(2148, 103, 'F002', 'K006', 'G024', '0.46'),
(2149, 103, 'F002', 'K007', 'G028', '0.65'),
(2150, 103, 'F002', 'K008', 'G032', '0.57'),
(2151, 103, 'F002', 'K009', 'G036', '0.8'),
(2152, 103, 'F001', 'K010', 'G040', '0.43'),
(2153, 103, 'F001', 'K011', 'G044', '0.6'),
(2154, 103, 'F003', 'K012', 'G048', '0.6'),
(2155, 103, 'F002', 'K013', 'G052', '0.57'),
(2156, 103, 'F002', 'K014', 'G056', '0.77'),
(2157, 103, 'F003', 'K015', 'G060', '0.5'),
(2158, 103, 'F003', 'K016', 'G064', '0.57'),
(2159, 103, 'F001', 'K017', 'G068', '0.47'),
(2160, 103, 'F003', 'K018', 'G072', '0.44'),
(2161, 103, 'F002', 'K019', 'G076', '0.58'),
(2162, 103, 'F003', 'K020', 'G080', '0.45'),
(2163, 103, 'F003', 'K021', 'G084', '0.26'),
(2164, 104, 'F001', 'K001', 'G001', '0'),
(2165, 104, 'F001', 'K002', 'G005', '0'),
(2166, 104, 'F002', 'K003', 'G009', '0'),
(2167, 104, 'F003', 'K004', 'G013', '0'),
(2168, 104, 'F002', 'K005', 'G017', '0'),
(2169, 104, 'F002', 'K006', 'G021', '0'),
(2170, 104, 'F002', 'K007', 'G025', '0'),
(2171, 104, 'F002', 'K008', 'G029', '0'),
(2172, 104, 'F002', 'K009', 'G033', '0'),
(2173, 104, 'F001', 'K010', 'G037', '0'),
(2174, 104, 'F001', 'K011', 'G041', '0'),
(2175, 104, 'F003', 'K012', 'G045', '0'),
(2176, 104, 'F002', 'K013', 'G049', '0'),
(2177, 104, 'F002', 'K014', 'G053', '0'),
(2178, 104, 'F003', 'K015', 'G057', '0'),
(2179, 104, 'F003', 'K016', 'G061', '0'),
(2180, 104, 'F001', 'K017', 'G065', '0'),
(2181, 104, 'F003', 'K018', 'G069', '0'),
(2182, 104, 'F002', 'K019', 'G073', '0'),
(2183, 104, 'F003', 'K020', 'G077', '0'),
(2184, 104, 'F003', 'K021', 'G081', '0'),
(2185, 105, 'F001', 'K001', 'G002', '0.2277'),
(2186, 105, 'F001', 'K002', 'G006', '0.1254'),
(2187, 105, 'F002', 'K003', 'G010', '0.165'),
(2188, 105, 'F003', 'K004', 'G014', '0.1914'),
(2189, 105, 'F002', 'K005', 'G018', '0.1122'),
(2190, 105, 'F002', 'K006', 'G022', '0.1518'),
(2191, 105, 'F002', 'K007', 'G026', '0.2145'),
(2192, 105, 'F002', 'K008', 'G030', '0.1881'),
(2193, 105, 'F002', 'K009', 'G034', '0.264'),
(2194, 105, 'F001', 'K010', 'G038', '0.1419'),
(2195, 105, 'F001', 'K011', 'G042', '0.198'),
(2196, 105, 'F003', 'K012', 'G046', '0.198'),
(2197, 105, 'F002', 'K013', 'G050', '0.1881'),
(2198, 105, 'F002', 'K014', 'G054', '0.2541'),
(2199, 105, 'F003', 'K015', 'G058', '0.165'),
(2200, 105, 'F003', 'K016', 'G062', '0.1881'),
(2201, 105, 'F001', 'K017', 'G066', '0.1551'),
(2202, 105, 'F003', 'K018', 'G070', '0.1452'),
(2203, 105, 'F002', 'K019', 'G074', '0.1914'),
(2204, 105, 'F003', 'K020', 'G078', '0.1485'),
(2205, 105, 'F003', 'K021', 'G082', '0.0858'),
(2206, 106, 'F001', 'K001', 'G003', '0.4554'),
(2207, 106, 'F001', 'K002', 'G007', '0.2508'),
(2208, 106, 'F002', 'K003', 'G011', '0.33'),
(2209, 106, 'F003', 'K004', 'G015', '0.3828'),
(2210, 106, 'F002', 'K005', 'G019', '0.2244'),
(2211, 106, 'F002', 'K006', 'G023', '0.3036'),
(2212, 106, 'F002', 'K007', 'G027', '0.429'),
(2213, 106, 'F002', 'K008', 'G031', '0.3762'),
(2214, 106, 'F002', 'K009', 'G035', '0.528'),
(2215, 106, 'F001', 'K010', 'G039', '0.2838'),
(2216, 106, 'F001', 'K011', 'G043', '0.396'),
(2217, 106, 'F003', 'K012', 'G047', '0.396'),
(2218, 106, 'F002', 'K013', 'G051', '0.3762'),
(2219, 106, 'F002', 'K014', 'G055', '0.5082'),
(2220, 106, 'F003', 'K015', 'G059', '0.33'),
(2221, 106, 'F003', 'K016', 'G063', '0.3762'),
(2222, 106, 'F001', 'K017', 'G067', '0.3102'),
(2223, 106, 'F003', 'K018', 'G071', '0.2904'),
(2224, 106, 'F002', 'K019', 'G075', '0.3828'),
(2225, 106, 'F003', 'K020', 'G079', '0.297'),
(2226, 106, 'F003', 'K021', 'G083', '0.1716'),
(2227, 107, 'F001', 'K001', 'G003', '0.4554'),
(2228, 107, 'F001', 'K002', 'G007', '0.2508'),
(2229, 107, 'F002', 'K003', 'G011', '0.33'),
(2230, 107, 'F003', 'K004', 'G015', '0.3828'),
(2231, 107, 'F002', 'K005', 'G019', '0.2244'),
(2232, 107, 'F002', 'K006', 'G023', '0.3036'),
(2233, 107, 'F002', 'K007', 'G027', '0.429'),
(2234, 107, 'F002', 'K008', 'G031', '0.3762'),
(2235, 107, 'F002', 'K009', 'G035', '0.528'),
(2236, 107, 'F001', 'K010', 'G039', '0.2838'),
(2237, 107, 'F001', 'K011', 'G043', '0.396'),
(2238, 107, 'F003', 'K012', 'G047', '0.396'),
(2239, 107, 'F002', 'K013', 'G051', '0.3762'),
(2240, 107, 'F002', 'K014', 'G055', '0.5082'),
(2241, 107, 'F003', 'K015', 'G059', '0.33'),
(2242, 107, 'F003', 'K016', 'G063', '0.3762'),
(2243, 107, 'F001', 'K017', 'G067', '0.3102'),
(2244, 107, 'F003', 'K018', 'G071', '0.2904'),
(2245, 107, 'F002', 'K019', 'G075', '0.3828'),
(2246, 107, 'F003', 'K020', 'G079', '0.297'),
(2247, 107, 'F003', 'K021', 'G083', '0.1716'),
(2248, 108, 'F001', 'K001', 'G003', '0.4554'),
(2249, 108, 'F001', 'K002', 'G007', '0.2508'),
(2250, 108, 'F002', 'K003', 'G011', '0.33'),
(2251, 108, 'F003', 'K004', 'G015', '0.3828'),
(2252, 108, 'F002', 'K005', 'G019', '0.2244'),
(2253, 108, 'F002', 'K006', 'G023', '0.3036'),
(2254, 108, 'F002', 'K007', 'G027', '0.429'),
(2255, 108, 'F002', 'K008', 'G031', '0.3762'),
(2256, 108, 'F002', 'K009', 'G035', '0.528'),
(2257, 108, 'F001', 'K010', 'G039', '0.2838'),
(2258, 108, 'F001', 'K011', 'G043', '0.396'),
(2259, 108, 'F003', 'K012', 'G047', '0.396'),
(2260, 108, 'F002', 'K013', 'G051', '0.3762'),
(2261, 108, 'F002', 'K014', 'G055', '0.5082'),
(2262, 108, 'F003', 'K015', 'G059', '0.33'),
(2263, 108, 'F003', 'K016', 'G063', '0.3762'),
(2264, 108, 'F001', 'K017', 'G067', '0.3102'),
(2265, 108, 'F003', 'K018', 'G071', '0.2904'),
(2266, 108, 'F002', 'K019', 'G075', '0.3828'),
(2267, 108, 'F003', 'K020', 'G079', '0.297'),
(2268, 108, 'F003', 'K021', 'G083', '0.1716'),
(2269, 109, 'F001', 'K001', 'G003', '0.4554'),
(2270, 109, 'F001', 'K002', 'G007', '0.2508'),
(2271, 109, 'F002', 'K003', 'G011', '0.33'),
(2272, 109, 'F003', 'K004', 'G015', '0.3828'),
(2273, 109, 'F002', 'K005', 'G019', '0.2244'),
(2274, 109, 'F002', 'K006', 'G023', '0.3036'),
(2275, 109, 'F002', 'K007', 'G027', '0.429'),
(2276, 109, 'F002', 'K008', 'G031', '0.3762'),
(2277, 109, 'F002', 'K009', 'G035', '0.528'),
(2278, 109, 'F001', 'K010', 'G039', '0.2838'),
(2279, 109, 'F001', 'K011', 'G043', '0.396'),
(2280, 109, 'F003', 'K012', 'G047', '0.396'),
(2281, 109, 'F002', 'K013', 'G051', '0.3762'),
(2282, 109, 'F002', 'K014', 'G055', '0.5082'),
(2283, 109, 'F003', 'K015', 'G059', '0.33'),
(2284, 109, 'F003', 'K016', 'G063', '0.3762'),
(2285, 109, 'F001', 'K017', 'G067', '0.3102'),
(2286, 109, 'F003', 'K018', 'G071', '0.2904'),
(2287, 109, 'F002', 'K019', 'G075', '0.3828'),
(2288, 109, 'F003', 'K020', 'G079', '0.297'),
(2289, 109, 'F003', 'K021', 'G083', '0.1716'),
(2290, 110, 'F001', 'K001', 'G003', '0.4554'),
(2291, 110, 'F001', 'K002', 'G007', '0.2508'),
(2292, 110, 'F002', 'K003', 'G011', '0.33'),
(2293, 110, 'F003', 'K004', 'G015', '0.3828'),
(2294, 110, 'F002', 'K005', 'G019', '0.2244'),
(2295, 110, 'F002', 'K006', 'G023', '0.3036'),
(2296, 110, 'F002', 'K007', 'G027', '0.429'),
(2297, 110, 'F002', 'K008', 'G031', '0.3762'),
(2298, 110, 'F002', 'K009', 'G035', '0.528'),
(2299, 110, 'F001', 'K010', 'G039', '0.2838'),
(2300, 110, 'F001', 'K011', 'G043', '0.396'),
(2301, 110, 'F003', 'K012', 'G047', '0.396'),
(2302, 110, 'F002', 'K013', 'G051', '0.3762'),
(2303, 110, 'F002', 'K014', 'G055', '0.5082'),
(2304, 110, 'F003', 'K015', 'G059', '0.33'),
(2305, 110, 'F003', 'K016', 'G063', '0.3762'),
(2306, 110, 'F001', 'K017', 'G067', '0.3102'),
(2307, 110, 'F003', 'K018', 'G071', '0.2904'),
(2308, 110, 'F002', 'K019', 'G075', '0.3828'),
(2309, 110, 'F003', 'K020', 'G079', '0.297'),
(2310, 110, 'F003', 'K021', 'G083', '0.1716'),
(2311, 111, 'F001', 'K001', 'G003', '0.4554'),
(2312, 111, 'F001', 'K002', 'G007', '0.2508'),
(2313, 111, 'F002', 'K003', 'G011', '0.33'),
(2314, 111, 'F003', 'K004', 'G015', '0.3828'),
(2315, 111, 'F002', 'K005', 'G019', '0.2244'),
(2316, 111, 'F002', 'K006', 'G023', '0.3036'),
(2317, 111, 'F002', 'K007', 'G027', '0.429'),
(2318, 111, 'F002', 'K008', 'G031', '0.3762'),
(2319, 111, 'F002', 'K009', 'G035', '0.528'),
(2320, 111, 'F001', 'K010', 'G039', '0.2838'),
(2321, 111, 'F001', 'K011', 'G043', '0.396'),
(2322, 111, 'F003', 'K012', 'G047', '0.396'),
(2323, 111, 'F002', 'K013', 'G051', '0.3762'),
(2324, 111, 'F002', 'K014', 'G055', '0.5082'),
(2325, 111, 'F003', 'K015', 'G059', '0.33'),
(2326, 111, 'F003', 'K016', 'G063', '0.3762'),
(2327, 111, 'F001', 'K017', 'G067', '0.3102'),
(2328, 111, 'F003', 'K018', 'G071', '0.2904'),
(2329, 111, 'F002', 'K019', 'G075', '0.3828'),
(2330, 111, 'F003', 'K020', 'G079', '0.297'),
(2331, 111, 'F003', 'K021', 'G083', '0.1716'),
(2332, 112, 'F001', 'K001', 'G003', '0.4554'),
(2333, 112, 'F001', 'K002', 'G007', '0.2508'),
(2334, 112, 'F002', 'K003', 'G011', '0.33'),
(2335, 112, 'F003', 'K004', 'G015', '0.3828'),
(2336, 112, 'F002', 'K005', 'G019', '0.2244'),
(2337, 112, 'F002', 'K006', 'G023', '0.3036'),
(2338, 112, 'F002', 'K007', 'G027', '0.429'),
(2339, 112, 'F002', 'K008', 'G031', '0.3762'),
(2340, 112, 'F002', 'K009', 'G035', '0.528'),
(2341, 112, 'F001', 'K010', 'G039', '0.2838'),
(2342, 112, 'F001', 'K011', 'G043', '0.396'),
(2343, 112, 'F003', 'K012', 'G047', '0.396'),
(2344, 112, 'F002', 'K013', 'G051', '0.3762'),
(2345, 112, 'F002', 'K014', 'G055', '0.5082'),
(2346, 112, 'F003', 'K015', 'G059', '0.33'),
(2347, 112, 'F003', 'K016', 'G063', '0.3762'),
(2348, 112, 'F001', 'K017', 'G067', '0.3102'),
(2349, 112, 'F003', 'K018', 'G071', '0.2904'),
(2350, 112, 'F002', 'K019', 'G075', '0.3828'),
(2351, 112, 'F003', 'K020', 'G079', '0.297'),
(2352, 112, 'F003', 'K021', 'G083', '0.1716'),
(2353, 113, 'F001', 'K001', 'G003', '0.4554'),
(2354, 113, 'F001', 'K002', 'G007', '0.2508'),
(2355, 113, 'F002', 'K003', 'G011', '0.33'),
(2356, 113, 'F003', 'K004', 'G015', '0.3828'),
(2357, 113, 'F002', 'K005', 'G019', '0.2244'),
(2358, 113, 'F002', 'K006', 'G023', '0.3036'),
(2359, 113, 'F002', 'K007', 'G027', '0.429'),
(2360, 113, 'F002', 'K008', 'G031', '0.3762'),
(2361, 113, 'F002', 'K009', 'G035', '0.528'),
(2362, 113, 'F001', 'K010', 'G039', '0.2838'),
(2363, 113, 'F001', 'K011', 'G043', '0.396'),
(2364, 113, 'F003', 'K012', 'G047', '0.396'),
(2365, 113, 'F002', 'K013', 'G051', '0.3762'),
(2366, 113, 'F002', 'K014', 'G055', '0.5082'),
(2367, 113, 'F003', 'K015', 'G059', '0.33'),
(2368, 113, 'F003', 'K016', 'G063', '0.3762'),
(2369, 113, 'F001', 'K017', 'G067', '0.3102'),
(2370, 113, 'F003', 'K018', 'G071', '0.2904'),
(2371, 113, 'F002', 'K019', 'G075', '0.3828'),
(2372, 113, 'F003', 'K020', 'G079', '0.297'),
(2373, 113, 'F003', 'K021', 'G083', '0.1716'),
(2374, 114, 'F001', 'K001', 'G003', '0.4554'),
(2375, 114, 'F001', 'K002', 'G007', '0.2508'),
(2376, 114, 'F002', 'K003', 'G011', '0.33'),
(2377, 114, 'F003', 'K004', 'G015', '0.3828'),
(2378, 114, 'F002', 'K005', 'G019', '0.2244'),
(2379, 114, 'F002', 'K006', 'G023', '0.3036'),
(2380, 114, 'F002', 'K007', 'G027', '0.429'),
(2381, 114, 'F002', 'K008', 'G031', '0.3762'),
(2382, 114, 'F002', 'K009', 'G035', '0.528'),
(2383, 114, 'F001', 'K010', 'G039', '0.2838'),
(2384, 114, 'F001', 'K011', 'G043', '0.396'),
(2385, 114, 'F003', 'K012', 'G047', '0.396'),
(2386, 114, 'F002', 'K013', 'G051', '0.3762'),
(2387, 114, 'F002', 'K014', 'G055', '0.5082'),
(2388, 114, 'F003', 'K015', 'G059', '0.33'),
(2389, 114, 'F003', 'K016', 'G063', '0.3762'),
(2390, 114, 'F001', 'K017', 'G067', '0.3102'),
(2391, 114, 'F003', 'K018', 'G071', '0.2904'),
(2392, 114, 'F002', 'K019', 'G075', '0.3828'),
(2393, 114, 'F003', 'K020', 'G079', '0.297'),
(2394, 114, 'F003', 'K021', 'G083', '0.1716'),
(2395, 115, 'F001', 'K001', 'G003', '0.4554'),
(2396, 115, 'F001', 'K002', 'G007', '0.2508'),
(2397, 115, 'F002', 'K003', 'G011', '0.33'),
(2398, 115, 'F003', 'K004', 'G015', '0.3828'),
(2399, 115, 'F002', 'K005', 'G019', '0.2244'),
(2400, 115, 'F002', 'K006', 'G023', '0.3036'),
(2401, 115, 'F002', 'K007', 'G027', '0.429'),
(2402, 115, 'F002', 'K008', 'G031', '0.3762'),
(2403, 115, 'F002', 'K009', 'G035', '0.528'),
(2404, 115, 'F001', 'K010', 'G039', '0.2838'),
(2405, 115, 'F001', 'K011', 'G043', '0.396'),
(2406, 115, 'F003', 'K012', 'G047', '0.396'),
(2407, 115, 'F002', 'K013', 'G051', '0.3762'),
(2408, 115, 'F002', 'K014', 'G055', '0.5082'),
(2409, 115, 'F003', 'K015', 'G059', '0.33'),
(2410, 115, 'F003', 'K016', 'G063', '0.3762'),
(2411, 115, 'F001', 'K017', 'G067', '0.3102'),
(2412, 115, 'F003', 'K018', 'G071', '0.2904'),
(2413, 115, 'F002', 'K019', 'G075', '0.3828'),
(2414, 115, 'F003', 'K020', 'G079', '0.297'),
(2415, 115, 'F003', 'K021', 'G083', '0.1716'),
(2416, 116, 'F001', 'K001', 'G003', '0.4554'),
(2417, 116, 'F001', 'K002', 'G007', '0.2508'),
(2418, 116, 'F002', 'K003', 'G011', '0.33'),
(2419, 116, 'F003', 'K004', 'G015', '0.3828'),
(2420, 116, 'F002', 'K005', 'G019', '0.2244'),
(2421, 116, 'F002', 'K006', 'G023', '0.3036'),
(2422, 116, 'F002', 'K007', 'G027', '0.429'),
(2423, 116, 'F002', 'K008', 'G031', '0.3762'),
(2424, 116, 'F002', 'K009', 'G035', '0.528'),
(2425, 116, 'F001', 'K010', 'G039', '0.2838'),
(2426, 116, 'F001', 'K011', 'G043', '0.396'),
(2427, 116, 'F003', 'K012', 'G047', '0.396'),
(2428, 116, 'F002', 'K013', 'G051', '0.3762'),
(2429, 116, 'F002', 'K014', 'G055', '0.5082'),
(2430, 116, 'F003', 'K015', 'G059', '0.33'),
(2431, 116, 'F003', 'K016', 'G063', '0.3762'),
(2432, 116, 'F001', 'K017', 'G067', '0.3102'),
(2433, 116, 'F003', 'K018', 'G071', '0.2904'),
(2434, 116, 'F002', 'K019', 'G075', '0.3828'),
(2435, 116, 'F003', 'K020', 'G079', '0.297'),
(2436, 116, 'F003', 'K021', 'G083', '0.1716'),
(2437, 117, 'F001', 'K001', 'G003', '0.4554'),
(2438, 117, 'F001', 'K002', 'G007', '0.2508'),
(2439, 117, 'F002', 'K003', 'G011', '0.33'),
(2440, 117, 'F003', 'K004', 'G015', '0.3828');
INSERT INTO `tb_detail_pemeriksaan` (`id_detail`, `id_pemeriksaan`, `id_faktor`, `id_kategori`, `id_gejala`, `total`) VALUES
(2441, 117, 'F002', 'K005', 'G019', '0.2244'),
(2442, 117, 'F002', 'K006', 'G023', '0.3036'),
(2443, 117, 'F002', 'K007', 'G027', '0.429'),
(2444, 117, 'F002', 'K008', 'G031', '0.3762'),
(2445, 117, 'F002', 'K009', 'G035', '0.528'),
(2446, 117, 'F001', 'K010', 'G039', '0.2838'),
(2447, 117, 'F001', 'K011', 'G043', '0.396'),
(2448, 117, 'F003', 'K012', 'G047', '0.396'),
(2449, 117, 'F002', 'K013', 'G051', '0.3762'),
(2450, 117, 'F002', 'K014', 'G055', '0.5082'),
(2451, 117, 'F003', 'K015', 'G059', '0.33'),
(2452, 117, 'F003', 'K016', 'G063', '0.3762'),
(2453, 117, 'F001', 'K017', 'G067', '0.3102'),
(2454, 117, 'F003', 'K018', 'G071', '0.2904'),
(2455, 117, 'F002', 'K019', 'G075', '0.3828'),
(2456, 117, 'F003', 'K020', 'G079', '0.297'),
(2457, 117, 'F003', 'K021', 'G083', '0.1716'),
(2458, 118, 'F001', 'K001', 'G003', '0.4554'),
(2459, 118, 'F001', 'K002', 'G007', '0.2508'),
(2460, 118, 'F002', 'K003', 'G011', '0.33'),
(2461, 118, 'F003', 'K004', 'G015', '0.3828'),
(2462, 118, 'F002', 'K005', 'G019', '0.2244'),
(2463, 118, 'F002', 'K006', 'G023', '0.3036'),
(2464, 118, 'F002', 'K007', 'G027', '0.429'),
(2465, 118, 'F002', 'K008', 'G031', '0.3762'),
(2466, 118, 'F002', 'K009', 'G035', '0.528'),
(2467, 118, 'F001', 'K010', 'G039', '0.2838'),
(2468, 118, 'F001', 'K011', 'G043', '0.396'),
(2469, 118, 'F003', 'K012', 'G047', '0.396'),
(2470, 118, 'F002', 'K013', 'G051', '0.3762'),
(2471, 118, 'F002', 'K014', 'G055', '0.5082'),
(2472, 118, 'F003', 'K015', 'G059', '0.33'),
(2473, 118, 'F003', 'K016', 'G063', '0.3762'),
(2474, 118, 'F001', 'K017', 'G067', '0.3102'),
(2475, 118, 'F003', 'K018', 'G071', '0.2904'),
(2476, 118, 'F002', 'K019', 'G075', '0.3828'),
(2477, 118, 'F003', 'K020', 'G079', '0.297'),
(2478, 118, 'F003', 'K021', 'G083', '0.1716'),
(2479, 119, 'F001', 'K001', 'G003', '0.4554'),
(2480, 119, 'F001', 'K002', 'G007', '0.2508'),
(2481, 119, 'F002', 'K003', 'G011', '0.33'),
(2482, 119, 'F003', 'K004', 'G015', '0.3828'),
(2483, 119, 'F002', 'K005', 'G019', '0.2244'),
(2484, 119, 'F002', 'K006', 'G023', '0.3036'),
(2485, 119, 'F002', 'K007', 'G027', '0.429'),
(2486, 119, 'F002', 'K008', 'G031', '0.3762'),
(2487, 119, 'F002', 'K009', 'G035', '0.528'),
(2488, 119, 'F001', 'K010', 'G039', '0.2838'),
(2489, 119, 'F001', 'K011', 'G043', '0.396'),
(2490, 119, 'F003', 'K012', 'G047', '0.396'),
(2491, 119, 'F002', 'K013', 'G051', '0.3762'),
(2492, 119, 'F002', 'K014', 'G055', '0.5082'),
(2493, 119, 'F003', 'K015', 'G059', '0.33'),
(2494, 119, 'F003', 'K016', 'G063', '0.3762'),
(2495, 119, 'F001', 'K017', 'G067', '0.3102'),
(2496, 119, 'F003', 'K018', 'G071', '0.2904'),
(2497, 119, 'F002', 'K019', 'G075', '0.3828'),
(2498, 119, 'F003', 'K020', 'G079', '0.297'),
(2499, 119, 'F003', 'K021', 'G083', '0.1716'),
(2500, 120, 'F001', 'K001', 'G003', '0.4554'),
(2501, 120, 'F001', 'K002', 'G007', '0.2508'),
(2502, 120, 'F002', 'K003', 'G011', '0.33'),
(2503, 120, 'F003', 'K004', 'G015', '0.3828'),
(2504, 120, 'F002', 'K005', 'G019', '0.2244'),
(2505, 120, 'F002', 'K006', 'G023', '0.3036'),
(2506, 120, 'F002', 'K007', 'G027', '0.429'),
(2507, 120, 'F002', 'K008', 'G031', '0.3762'),
(2508, 120, 'F002', 'K009', 'G035', '0.528'),
(2509, 120, 'F001', 'K010', 'G039', '0.2838'),
(2510, 120, 'F001', 'K011', 'G043', '0.396'),
(2511, 120, 'F003', 'K012', 'G047', '0.396'),
(2512, 120, 'F002', 'K013', 'G051', '0.3762'),
(2513, 120, 'F002', 'K014', 'G055', '0.5082'),
(2514, 120, 'F003', 'K015', 'G059', '0.33'),
(2515, 120, 'F003', 'K016', 'G063', '0.3762'),
(2516, 120, 'F001', 'K017', 'G067', '0.3102'),
(2517, 120, 'F003', 'K018', 'G071', '0.2904'),
(2518, 120, 'F002', 'K019', 'G075', '0.3828'),
(2519, 120, 'F003', 'K020', 'G079', '0.297'),
(2520, 120, 'F003', 'K021', 'G083', '0.1716'),
(2521, 121, 'F001', 'K001', 'G003', '0.4554'),
(2522, 121, 'F001', 'K002', 'G007', '0.2508'),
(2523, 121, 'F002', 'K003', 'G011', '0.33'),
(2524, 121, 'F003', 'K004', 'G015', '0.3828'),
(2525, 121, 'F002', 'K005', 'G019', '0.2244'),
(2526, 121, 'F002', 'K006', 'G023', '0.3036'),
(2527, 121, 'F002', 'K007', 'G027', '0.429'),
(2528, 121, 'F002', 'K008', 'G031', '0.3762'),
(2529, 121, 'F002', 'K009', 'G035', '0.528'),
(2530, 121, 'F001', 'K010', 'G039', '0.2838'),
(2531, 121, 'F001', 'K011', 'G043', '0.396'),
(2532, 121, 'F003', 'K012', 'G047', '0.396'),
(2533, 121, 'F002', 'K013', 'G051', '0.3762'),
(2534, 121, 'F002', 'K014', 'G055', '0.5082'),
(2535, 121, 'F003', 'K015', 'G059', '0.33'),
(2536, 121, 'F003', 'K016', 'G063', '0.3762'),
(2537, 121, 'F001', 'K017', 'G067', '0.3102'),
(2538, 121, 'F003', 'K018', 'G071', '0.2904'),
(2539, 121, 'F002', 'K019', 'G075', '0.3828'),
(2540, 121, 'F003', 'K020', 'G079', '0.297'),
(2541, 121, 'F003', 'K021', 'G083', '0.1716'),
(2542, 122, 'F001', 'K001', 'G003', '0.4554'),
(2543, 122, 'F001', 'K002', 'G007', '0.2508'),
(2544, 122, 'F002', 'K003', 'G011', '0.33'),
(2545, 122, 'F003', 'K004', 'G015', '0.3828'),
(2546, 122, 'F002', 'K005', 'G019', '0.2244'),
(2547, 122, 'F002', 'K006', 'G023', '0.3036'),
(2548, 122, 'F002', 'K007', 'G027', '0.429'),
(2549, 122, 'F002', 'K008', 'G031', '0.3762'),
(2550, 122, 'F002', 'K009', 'G035', '0.528'),
(2551, 122, 'F001', 'K010', 'G039', '0.2838'),
(2552, 122, 'F001', 'K011', 'G043', '0.396'),
(2553, 122, 'F003', 'K012', 'G047', '0.396'),
(2554, 122, 'F002', 'K013', 'G051', '0.3762'),
(2555, 122, 'F002', 'K014', 'G055', '0.5082'),
(2556, 122, 'F003', 'K015', 'G059', '0.33'),
(2557, 122, 'F003', 'K016', 'G063', '0.3762'),
(2558, 122, 'F001', 'K017', 'G067', '0.3102'),
(2559, 122, 'F003', 'K018', 'G071', '0.2904'),
(2560, 122, 'F002', 'K019', 'G075', '0.3828'),
(2561, 122, 'F003', 'K020', 'G079', '0.297'),
(2562, 122, 'F003', 'K021', 'G083', '0.1716'),
(2563, 123, 'F001', 'K001', 'G003', '0.4554'),
(2564, 123, 'F001', 'K002', 'G007', '0.2508'),
(2565, 123, 'F002', 'K003', 'G011', '0.33'),
(2566, 123, 'F003', 'K004', 'G015', '0.3828'),
(2567, 123, 'F002', 'K005', 'G019', '0.2244'),
(2568, 123, 'F002', 'K006', 'G023', '0.3036'),
(2569, 123, 'F002', 'K007', 'G027', '0.429'),
(2570, 123, 'F002', 'K008', 'G031', '0.3762'),
(2571, 123, 'F002', 'K009', 'G035', '0.528'),
(2572, 123, 'F001', 'K010', 'G039', '0.2838'),
(2573, 123, 'F001', 'K011', 'G043', '0.396'),
(2574, 123, 'F003', 'K012', 'G047', '0.396'),
(2575, 123, 'F002', 'K013', 'G051', '0.3762'),
(2576, 123, 'F002', 'K014', 'G055', '0.5082'),
(2577, 123, 'F003', 'K015', 'G059', '0.33'),
(2578, 123, 'F003', 'K016', 'G063', '0.3762'),
(2579, 123, 'F001', 'K017', 'G067', '0.3102'),
(2580, 123, 'F003', 'K018', 'G071', '0.2904'),
(2581, 123, 'F002', 'K019', 'G075', '0.3828'),
(2582, 123, 'F003', 'K020', 'G079', '0.297'),
(2583, 123, 'F003', 'K021', 'G083', '0.1716'),
(2584, 124, 'F001', 'K001', 'G003', '0.4554'),
(2585, 124, 'F001', 'K002', 'G007', '0.2508'),
(2586, 124, 'F002', 'K003', 'G011', '0.33'),
(2587, 124, 'F003', 'K004', 'G015', '0.3828'),
(2588, 124, 'F002', 'K005', 'G019', '0.2244'),
(2589, 124, 'F002', 'K006', 'G023', '0.3036'),
(2590, 124, 'F002', 'K007', 'G027', '0.429'),
(2591, 124, 'F002', 'K008', 'G031', '0.3762'),
(2592, 124, 'F002', 'K009', 'G035', '0.528'),
(2593, 124, 'F001', 'K010', 'G039', '0.2838'),
(2594, 124, 'F001', 'K011', 'G043', '0.396'),
(2595, 124, 'F003', 'K012', 'G047', '0.396'),
(2596, 124, 'F002', 'K013', 'G051', '0.3762'),
(2597, 124, 'F002', 'K014', 'G055', '0.5082'),
(2598, 124, 'F003', 'K015', 'G059', '0.33'),
(2599, 124, 'F003', 'K016', 'G063', '0.3762'),
(2600, 124, 'F001', 'K017', 'G067', '0.3102'),
(2601, 124, 'F003', 'K018', 'G071', '0.2904'),
(2602, 124, 'F002', 'K019', 'G075', '0.3828'),
(2603, 124, 'F003', 'K020', 'G079', '0.297'),
(2604, 124, 'F003', 'K021', 'G083', '0.1716'),
(2605, 125, 'F001', 'K001', 'G003', '0.4554'),
(2606, 125, 'F001', 'K002', 'G007', '0.2508'),
(2607, 125, 'F002', 'K003', 'G011', '0.33'),
(2608, 125, 'F003', 'K004', 'G015', '0.3828'),
(2609, 125, 'F002', 'K005', 'G019', '0.2244'),
(2610, 125, 'F002', 'K006', 'G023', '0.3036'),
(2611, 125, 'F002', 'K007', 'G027', '0.429'),
(2612, 125, 'F002', 'K008', 'G031', '0.3762'),
(2613, 125, 'F002', 'K009', 'G035', '0.528'),
(2614, 125, 'F001', 'K010', 'G039', '0.2838'),
(2615, 125, 'F001', 'K011', 'G043', '0.396'),
(2616, 125, 'F003', 'K012', 'G047', '0.396'),
(2617, 125, 'F002', 'K013', 'G051', '0.3762'),
(2618, 125, 'F002', 'K014', 'G055', '0.5082'),
(2619, 125, 'F003', 'K015', 'G059', '0.33'),
(2620, 125, 'F003', 'K016', 'G063', '0.3762'),
(2621, 125, 'F001', 'K017', 'G067', '0.3102'),
(2622, 125, 'F003', 'K018', 'G071', '0.2904'),
(2623, 125, 'F002', 'K019', 'G075', '0.3828'),
(2624, 125, 'F003', 'K020', 'G079', '0.297'),
(2625, 125, 'F003', 'K021', 'G083', '0.1716'),
(2626, 126, 'F001', 'K001', 'G003', '0.4554'),
(2627, 126, 'F001', 'K002', 'G007', '0.2508'),
(2628, 126, 'F002', 'K003', 'G011', '0.33'),
(2629, 126, 'F003', 'K004', 'G015', '0.3828'),
(2630, 126, 'F002', 'K005', 'G019', '0.2244'),
(2631, 126, 'F002', 'K006', 'G023', '0.3036'),
(2632, 126, 'F002', 'K007', 'G027', '0.429'),
(2633, 126, 'F002', 'K008', 'G031', '0.3762'),
(2634, 126, 'F002', 'K009', 'G035', '0.528'),
(2635, 126, 'F001', 'K010', 'G039', '0.2838'),
(2636, 126, 'F001', 'K011', 'G043', '0.396'),
(2637, 126, 'F003', 'K012', 'G047', '0.396'),
(2638, 126, 'F002', 'K013', 'G051', '0.3762'),
(2639, 126, 'F002', 'K014', 'G055', '0.5082'),
(2640, 126, 'F003', 'K015', 'G059', '0.33'),
(2641, 126, 'F003', 'K016', 'G063', '0.3762'),
(2642, 126, 'F001', 'K017', 'G067', '0.3102'),
(2643, 126, 'F003', 'K018', 'G071', '0.2904'),
(2644, 126, 'F002', 'K019', 'G075', '0.3828'),
(2645, 126, 'F003', 'K020', 'G079', '0.297'),
(2646, 126, 'F003', 'K021', 'G083', '0.1716'),
(2647, 127, 'F001', 'K001', 'G003', '0.4554'),
(2648, 127, 'F001', 'K002', 'G007', '0.2508'),
(2649, 127, 'F002', 'K003', 'G011', '0.33'),
(2650, 127, 'F003', 'K004', 'G015', '0.3828'),
(2651, 127, 'F002', 'K005', 'G019', '0.2244'),
(2652, 127, 'F002', 'K006', 'G023', '0.3036'),
(2653, 127, 'F002', 'K007', 'G027', '0.429'),
(2654, 127, 'F002', 'K008', 'G031', '0.3762'),
(2655, 127, 'F002', 'K009', 'G035', '0.528'),
(2656, 127, 'F001', 'K010', 'G039', '0.2838'),
(2657, 127, 'F001', 'K011', 'G043', '0.396'),
(2658, 127, 'F003', 'K012', 'G047', '0.396'),
(2659, 127, 'F002', 'K013', 'G051', '0.3762'),
(2660, 127, 'F002', 'K014', 'G055', '0.5082'),
(2661, 127, 'F003', 'K015', 'G059', '0.33'),
(2662, 127, 'F003', 'K016', 'G063', '0.3762'),
(2663, 127, 'F001', 'K017', 'G067', '0.3102'),
(2664, 127, 'F003', 'K018', 'G071', '0.2904'),
(2665, 127, 'F002', 'K019', 'G075', '0.3828'),
(2666, 127, 'F003', 'K020', 'G079', '0.297'),
(2667, 127, 'F003', 'K021', 'G083', '0.1716'),
(2668, 128, 'F001', 'K001', 'G003', '0.4554'),
(2669, 128, 'F001', 'K002', 'G007', '0.2508'),
(2670, 128, 'F002', 'K003', 'G011', '0.33'),
(2671, 128, 'F003', 'K004', 'G015', '0.3828'),
(2672, 128, 'F002', 'K005', 'G019', '0.2244'),
(2673, 128, 'F002', 'K006', 'G023', '0.3036'),
(2674, 128, 'F002', 'K007', 'G027', '0.429'),
(2675, 128, 'F002', 'K008', 'G031', '0.3762'),
(2676, 128, 'F002', 'K009', 'G035', '0.528'),
(2677, 128, 'F001', 'K010', 'G039', '0.2838'),
(2678, 128, 'F001', 'K011', 'G043', '0.396'),
(2679, 128, 'F003', 'K012', 'G047', '0.396'),
(2680, 128, 'F002', 'K013', 'G051', '0.3762'),
(2681, 128, 'F002', 'K014', 'G055', '0.5082'),
(2682, 128, 'F003', 'K015', 'G059', '0.33'),
(2683, 128, 'F003', 'K016', 'G063', '0.3762'),
(2684, 128, 'F001', 'K017', 'G067', '0.3102'),
(2685, 128, 'F003', 'K018', 'G071', '0.2904'),
(2686, 128, 'F002', 'K019', 'G075', '0.3828'),
(2687, 128, 'F003', 'K020', 'G079', '0.297'),
(2688, 128, 'F003', 'K021', 'G083', '0.1716'),
(2689, 129, 'F001', 'K001', 'G003', '0.4554'),
(2690, 129, 'F001', 'K002', 'G007', '0.2508'),
(2691, 129, 'F002', 'K003', 'G011', '0.33'),
(2692, 129, 'F003', 'K004', 'G015', '0.3828'),
(2693, 129, 'F002', 'K005', 'G019', '0.2244'),
(2694, 129, 'F002', 'K006', 'G023', '0.3036'),
(2695, 129, 'F002', 'K007', 'G027', '0.429'),
(2696, 129, 'F002', 'K008', 'G031', '0.3762'),
(2697, 129, 'F002', 'K009', 'G035', '0.528'),
(2698, 129, 'F001', 'K010', 'G039', '0.2838'),
(2699, 129, 'F001', 'K011', 'G043', '0.396'),
(2700, 129, 'F003', 'K012', 'G047', '0.396'),
(2701, 129, 'F002', 'K013', 'G051', '0.3762'),
(2702, 129, 'F002', 'K014', 'G055', '0.5082'),
(2703, 129, 'F003', 'K015', 'G059', '0.33'),
(2704, 129, 'F003', 'K016', 'G063', '0.3762'),
(2705, 129, 'F001', 'K017', 'G067', '0.3102'),
(2706, 129, 'F003', 'K018', 'G071', '0.2904'),
(2707, 129, 'F002', 'K019', 'G075', '0.3828'),
(2708, 129, 'F003', 'K020', 'G079', '0.297'),
(2709, 129, 'F003', 'K021', 'G083', '0.1716'),
(2710, 130, 'F001', 'K001', 'G003', '0.4554'),
(2711, 130, 'F001', 'K002', 'G007', '0.2508'),
(2712, 130, 'F002', 'K003', 'G011', '0.33'),
(2713, 130, 'F003', 'K004', 'G015', '0.3828'),
(2714, 130, 'F002', 'K005', 'G019', '0.2244'),
(2715, 130, 'F002', 'K006', 'G023', '0.3036'),
(2716, 130, 'F002', 'K007', 'G027', '0.429'),
(2717, 130, 'F002', 'K008', 'G031', '0.3762'),
(2718, 130, 'F002', 'K009', 'G035', '0.528'),
(2719, 130, 'F001', 'K010', 'G039', '0.2838'),
(2720, 130, 'F001', 'K011', 'G043', '0.396'),
(2721, 130, 'F003', 'K012', 'G047', '0.396'),
(2722, 130, 'F002', 'K013', 'G051', '0.3762'),
(2723, 130, 'F002', 'K014', 'G055', '0.5082'),
(2724, 130, 'F003', 'K015', 'G059', '0.33'),
(2725, 130, 'F003', 'K016', 'G063', '0.3762'),
(2726, 130, 'F001', 'K017', 'G067', '0.3102'),
(2727, 130, 'F003', 'K018', 'G071', '0.2904'),
(2728, 130, 'F002', 'K019', 'G075', '0.3828'),
(2729, 130, 'F003', 'K020', 'G079', '0.297'),
(2730, 130, 'F003', 'K021', 'G083', '0.1716'),
(2731, 131, 'F001', 'K001', 'G003', '0.4554'),
(2732, 131, 'F001', 'K002', 'G007', '0.2508'),
(2733, 131, 'F002', 'K003', 'G011', '0.33'),
(2734, 131, 'F003', 'K004', 'G015', '0.3828'),
(2735, 131, 'F002', 'K005', 'G019', '0.2244'),
(2736, 131, 'F002', 'K006', 'G023', '0.3036'),
(2737, 131, 'F002', 'K007', 'G027', '0.429'),
(2738, 131, 'F002', 'K008', 'G031', '0.3762'),
(2739, 131, 'F002', 'K009', 'G035', '0.528'),
(2740, 131, 'F001', 'K010', 'G039', '0.2838'),
(2741, 131, 'F001', 'K011', 'G043', '0.396'),
(2742, 131, 'F003', 'K012', 'G047', '0.396'),
(2743, 131, 'F002', 'K013', 'G051', '0.3762'),
(2744, 131, 'F002', 'K014', 'G055', '0.5082'),
(2745, 131, 'F003', 'K015', 'G059', '0.33'),
(2746, 131, 'F003', 'K016', 'G063', '0.3762'),
(2747, 131, 'F001', 'K017', 'G067', '0.3102'),
(2748, 131, 'F003', 'K018', 'G071', '0.2904'),
(2749, 131, 'F002', 'K019', 'G075', '0.3828'),
(2750, 131, 'F003', 'K020', 'G079', '0.297'),
(2751, 131, 'F003', 'K021', 'G083', '0.1716'),
(2752, 132, 'F001', 'K001', 'G004', '0.69'),
(2753, 132, 'F001', 'K002', 'G008', '0.38'),
(2754, 132, 'F002', 'K003', 'G012', '0.5'),
(2755, 132, 'F003', 'K004', 'G016', '0.58'),
(2756, 132, 'F002', 'K005', 'G020', '0.34'),
(2757, 132, 'F002', 'K006', 'G024', '0.46'),
(2758, 132, 'F002', 'K007', 'G028', '0.65'),
(2759, 132, 'F002', 'K008', 'G032', '0.57'),
(2760, 132, 'F002', 'K009', 'G036', '0.8'),
(2761, 132, 'F001', 'K010', 'G040', '0.43'),
(2762, 132, 'F001', 'K011', 'G044', '0.6'),
(2763, 132, 'F003', 'K012', 'G048', '0.6'),
(2764, 132, 'F002', 'K013', 'G052', '0.57'),
(2765, 132, 'F002', 'K014', 'G056', '0.77'),
(2766, 132, 'F003', 'K015', 'G060', '0.5'),
(2767, 132, 'F003', 'K016', 'G064', '0.57'),
(2768, 132, 'F001', 'K017', 'G068', '0.47'),
(2769, 132, 'F003', 'K018', 'G072', '0.44'),
(2770, 132, 'F002', 'K019', 'G076', '0.58'),
(2771, 132, 'F003', 'K020', 'G080', '0.45'),
(2772, 132, 'F003', 'K021', 'G084', '0.26'),
(2773, 133, 'F001', 'K001', 'G004', '0.69'),
(2774, 133, 'F001', 'K002', 'G008', '0.38'),
(2775, 133, 'F002', 'K003', 'G012', '0.5'),
(2776, 133, 'F003', 'K004', 'G016', '0.58'),
(2777, 133, 'F002', 'K005', 'G020', '0.34'),
(2778, 133, 'F002', 'K006', 'G024', '0.46'),
(2779, 133, 'F002', 'K007', 'G028', '0.65'),
(2780, 133, 'F002', 'K008', 'G032', '0.57'),
(2781, 133, 'F002', 'K009', 'G036', '0.8'),
(2782, 133, 'F001', 'K010', 'G040', '0.43'),
(2783, 133, 'F001', 'K011', 'G044', '0.6'),
(2784, 133, 'F003', 'K012', 'G048', '0.6'),
(2785, 133, 'F002', 'K013', 'G052', '0.57'),
(2786, 133, 'F002', 'K014', 'G056', '0.77'),
(2787, 133, 'F003', 'K015', 'G060', '0.5'),
(2788, 133, 'F003', 'K016', 'G064', '0.57'),
(2789, 133, 'F001', 'K017', 'G068', '0.47'),
(2790, 133, 'F003', 'K018', 'G072', '0.44'),
(2791, 133, 'F002', 'K019', 'G076', '0.58'),
(2792, 133, 'F003', 'K020', 'G080', '0.45'),
(2793, 133, 'F003', 'K021', 'G084', '0.26'),
(2794, 134, 'F001', 'K001', 'G004', '0.69'),
(2795, 134, 'F001', 'K002', 'G008', '0.38'),
(2796, 134, 'F002', 'K003', 'G012', '0.5'),
(2797, 134, 'F003', 'K004', 'G016', '0.58'),
(2798, 134, 'F002', 'K005', 'G020', '0.34'),
(2799, 134, 'F002', 'K006', 'G024', '0.46'),
(2800, 134, 'F002', 'K007', 'G028', '0.65'),
(2801, 134, 'F002', 'K008', 'G032', '0.57'),
(2802, 134, 'F002', 'K009', 'G036', '0.8'),
(2803, 134, 'F001', 'K010', 'G040', '0.43'),
(2804, 134, 'F001', 'K011', 'G044', '0.6'),
(2805, 134, 'F003', 'K012', 'G048', '0.6'),
(2806, 134, 'F002', 'K013', 'G052', '0.57'),
(2807, 134, 'F002', 'K014', 'G056', '0.77'),
(2808, 134, 'F003', 'K015', 'G060', '0.5'),
(2809, 134, 'F003', 'K016', 'G064', '0.57'),
(2810, 134, 'F001', 'K017', 'G068', '0.47'),
(2811, 134, 'F003', 'K018', 'G072', '0.44'),
(2812, 134, 'F002', 'K019', 'G076', '0.58'),
(2813, 134, 'F003', 'K020', 'G080', '0.45'),
(2814, 134, 'F003', 'K021', 'G084', '0.26'),
(2815, 135, 'F001', 'K001', 'G004', '0.69'),
(2816, 135, 'F001', 'K002', 'G008', '0.38'),
(2817, 135, 'F002', 'K003', 'G012', '0.5'),
(2818, 135, 'F003', 'K004', 'G016', '0.58'),
(2819, 135, 'F002', 'K005', 'G020', '0.34'),
(2820, 135, 'F002', 'K006', 'G024', '0.46'),
(2821, 135, 'F002', 'K007', 'G028', '0.65'),
(2822, 135, 'F002', 'K008', 'G032', '0.57'),
(2823, 135, 'F002', 'K009', 'G036', '0.8'),
(2824, 135, 'F001', 'K010', 'G040', '0.43'),
(2825, 135, 'F001', 'K011', 'G044', '0.6'),
(2826, 135, 'F003', 'K012', 'G048', '0.6'),
(2827, 135, 'F002', 'K013', 'G052', '0.57'),
(2828, 135, 'F002', 'K014', 'G056', '0.77'),
(2829, 135, 'F003', 'K015', 'G060', '0.5'),
(2830, 135, 'F003', 'K016', 'G064', '0.57'),
(2831, 135, 'F001', 'K017', 'G068', '0.47'),
(2832, 135, 'F003', 'K018', 'G072', '0.44'),
(2833, 135, 'F002', 'K019', 'G076', '0.58'),
(2834, 135, 'F003', 'K020', 'G080', '0.45'),
(2835, 135, 'F003', 'K021', 'G084', '0.26'),
(2836, 136, 'F001', 'K001', 'G004', '0.69'),
(2837, 136, 'F001', 'K002', 'G008', '0.38'),
(2838, 136, 'F002', 'K003', 'G012', '0.5'),
(2839, 136, 'F003', 'K004', 'G016', '0.58'),
(2840, 136, 'F002', 'K005', 'G020', '0.34'),
(2841, 136, 'F002', 'K006', 'G024', '0.46'),
(2842, 136, 'F002', 'K007', 'G028', '0.65'),
(2843, 136, 'F002', 'K008', 'G032', '0.57'),
(2844, 136, 'F002', 'K009', 'G036', '0.8'),
(2845, 136, 'F001', 'K010', 'G040', '0.43'),
(2846, 136, 'F001', 'K011', 'G044', '0.6'),
(2847, 136, 'F003', 'K012', 'G048', '0.6'),
(2848, 136, 'F002', 'K013', 'G052', '0.57'),
(2849, 136, 'F002', 'K014', 'G056', '0.77'),
(2850, 136, 'F003', 'K015', 'G060', '0.5'),
(2851, 136, 'F003', 'K016', 'G064', '0.57'),
(2852, 136, 'F001', 'K017', 'G068', '0.47'),
(2853, 136, 'F003', 'K018', 'G072', '0.44'),
(2854, 136, 'F002', 'K019', 'G076', '0.58'),
(2855, 136, 'F003', 'K020', 'G080', '0.45'),
(2856, 136, 'F003', 'K021', 'G084', '0.26'),
(2857, 137, 'F001', 'K001', 'G004', '0.69'),
(2858, 137, 'F001', 'K002', 'G008', '0.38'),
(2859, 137, 'F002', 'K003', 'G012', '0.5'),
(2860, 137, 'F003', 'K004', 'G016', '0.58'),
(2861, 137, 'F002', 'K005', 'G020', '0.34'),
(2862, 137, 'F002', 'K006', 'G024', '0.46'),
(2863, 137, 'F002', 'K007', 'G028', '0.65'),
(2864, 137, 'F002', 'K008', 'G032', '0.57'),
(2865, 137, 'F002', 'K009', 'G036', '0.8'),
(2866, 137, 'F001', 'K010', 'G040', '0.43'),
(2867, 137, 'F001', 'K011', 'G044', '0.6'),
(2868, 137, 'F003', 'K012', 'G048', '0.6'),
(2869, 137, 'F002', 'K013', 'G052', '0.57'),
(2870, 137, 'F002', 'K014', 'G056', '0.77'),
(2871, 137, 'F003', 'K015', 'G060', '0.5'),
(2872, 137, 'F003', 'K016', 'G064', '0.57'),
(2873, 137, 'F001', 'K017', 'G068', '0.47'),
(2874, 137, 'F003', 'K018', 'G072', '0.44'),
(2875, 137, 'F002', 'K019', 'G076', '0.58'),
(2876, 137, 'F003', 'K020', 'G080', '0.45'),
(2877, 137, 'F003', 'K021', 'G084', '0.26'),
(2878, 138, 'F001', 'K001', 'G004', '0.69'),
(2879, 138, 'F001', 'K002', 'G008', '0.38'),
(2880, 138, 'F002', 'K003', 'G012', '0.5'),
(2881, 138, 'F003', 'K004', 'G016', '0.58'),
(2882, 138, 'F002', 'K005', 'G020', '0.34'),
(2883, 138, 'F002', 'K006', 'G024', '0.46'),
(2884, 138, 'F002', 'K007', 'G028', '0.65'),
(2885, 138, 'F002', 'K008', 'G032', '0.57'),
(2886, 138, 'F002', 'K009', 'G036', '0.8'),
(2887, 138, 'F001', 'K010', 'G040', '0.43'),
(2888, 138, 'F001', 'K011', 'G044', '0.6'),
(2889, 138, 'F003', 'K012', 'G048', '0.6'),
(2890, 138, 'F002', 'K013', 'G052', '0.57'),
(2891, 138, 'F002', 'K014', 'G056', '0.77'),
(2892, 138, 'F003', 'K015', 'G060', '0.5'),
(2893, 138, 'F003', 'K016', 'G064', '0.57'),
(2894, 138, 'F001', 'K017', 'G068', '0.47'),
(2895, 138, 'F003', 'K018', 'G072', '0.44'),
(2896, 138, 'F002', 'K019', 'G076', '0.58'),
(2897, 138, 'F003', 'K020', 'G080', '0.45'),
(2898, 138, 'F003', 'K021', 'G084', '0.26'),
(2899, 139, 'F001', 'K001', 'G004', '0.69'),
(2900, 139, 'F001', 'K002', 'G008', '0.38'),
(2901, 139, 'F002', 'K003', 'G012', '0.5'),
(2902, 139, 'F003', 'K004', 'G016', '0.58'),
(2903, 139, 'F002', 'K005', 'G020', '0.34'),
(2904, 139, 'F002', 'K006', 'G024', '0.46'),
(2905, 139, 'F002', 'K007', 'G028', '0.65'),
(2906, 139, 'F002', 'K008', 'G032', '0.57'),
(2907, 139, 'F002', 'K009', 'G036', '0.8'),
(2908, 139, 'F001', 'K010', 'G040', '0.43'),
(2909, 139, 'F001', 'K011', 'G044', '0.6'),
(2910, 139, 'F003', 'K012', 'G048', '0.6'),
(2911, 139, 'F002', 'K013', 'G052', '0.57'),
(2912, 139, 'F002', 'K014', 'G056', '0.77'),
(2913, 139, 'F003', 'K015', 'G060', '0.5'),
(2914, 139, 'F003', 'K016', 'G064', '0.57'),
(2915, 139, 'F001', 'K017', 'G068', '0.47'),
(2916, 139, 'F003', 'K018', 'G072', '0.44'),
(2917, 139, 'F002', 'K019', 'G076', '0.58'),
(2918, 139, 'F003', 'K020', 'G080', '0.45'),
(2919, 139, 'F003', 'K021', 'G084', '0.26'),
(2920, 140, 'F001', 'K001', 'G004', '0.69'),
(2921, 140, 'F001', 'K002', 'G008', '0.38'),
(2922, 140, 'F002', 'K003', 'G012', '0.5'),
(2923, 140, 'F003', 'K004', 'G016', '0.58'),
(2924, 140, 'F002', 'K005', 'G020', '0.34'),
(2925, 140, 'F002', 'K006', 'G024', '0.46'),
(2926, 140, 'F002', 'K007', 'G028', '0.65'),
(2927, 140, 'F002', 'K008', 'G032', '0.57'),
(2928, 140, 'F002', 'K009', 'G036', '0.8'),
(2929, 140, 'F001', 'K010', 'G040', '0.43'),
(2930, 140, 'F001', 'K011', 'G044', '0.6'),
(2931, 140, 'F003', 'K012', 'G048', '0.6'),
(2932, 140, 'F002', 'K013', 'G052', '0.57'),
(2933, 140, 'F002', 'K014', 'G056', '0.77'),
(2934, 140, 'F003', 'K015', 'G060', '0.5'),
(2935, 140, 'F003', 'K016', 'G064', '0.57'),
(2936, 140, 'F001', 'K017', 'G068', '0.47'),
(2937, 140, 'F003', 'K018', 'G072', '0.44'),
(2938, 140, 'F002', 'K019', 'G076', '0.58'),
(2939, 140, 'F003', 'K020', 'G080', '0.45'),
(2940, 140, 'F003', 'K021', 'G084', '0.26'),
(2941, 141, 'F001', 'K001', 'G004', '0.69'),
(2942, 141, 'F001', 'K002', 'G008', '0.38'),
(2943, 141, 'F002', 'K003', 'G012', '0.5'),
(2944, 141, 'F003', 'K004', 'G016', '0.58'),
(2945, 141, 'F002', 'K005', 'G020', '0.34'),
(2946, 141, 'F002', 'K006', 'G024', '0.46'),
(2947, 141, 'F002', 'K007', 'G028', '0.65'),
(2948, 141, 'F002', 'K008', 'G032', '0.57'),
(2949, 141, 'F002', 'K009', 'G036', '0.8'),
(2950, 141, 'F001', 'K010', 'G040', '0.43'),
(2951, 141, 'F001', 'K011', 'G044', '0.6'),
(2952, 141, 'F003', 'K012', 'G048', '0.6'),
(2953, 141, 'F002', 'K013', 'G052', '0.57'),
(2954, 141, 'F002', 'K014', 'G056', '0.77'),
(2955, 141, 'F003', 'K015', 'G060', '0.5'),
(2956, 141, 'F003', 'K016', 'G064', '0.57'),
(2957, 141, 'F001', 'K017', 'G068', '0.47'),
(2958, 141, 'F003', 'K018', 'G072', '0.44'),
(2959, 141, 'F002', 'K019', 'G076', '0.58'),
(2960, 141, 'F003', 'K020', 'G080', '0.45'),
(2961, 141, 'F003', 'K021', 'G084', '0.26'),
(2962, 142, 'F001', 'K001', 'G004', '0.69'),
(2963, 142, 'F001', 'K002', 'G008', '0.38'),
(2964, 142, 'F002', 'K003', 'G012', '0.5'),
(2965, 142, 'F003', 'K004', 'G016', '0.58'),
(2966, 142, 'F002', 'K005', 'G020', '0.34'),
(2967, 142, 'F002', 'K006', 'G024', '0.46'),
(2968, 142, 'F002', 'K007', 'G028', '0.65'),
(2969, 142, 'F002', 'K008', 'G032', '0.57'),
(2970, 142, 'F002', 'K009', 'G036', '0.8'),
(2971, 142, 'F001', 'K010', 'G040', '0.43'),
(2972, 142, 'F001', 'K011', 'G044', '0.6'),
(2973, 142, 'F003', 'K012', 'G048', '0.6'),
(2974, 142, 'F002', 'K013', 'G052', '0.57'),
(2975, 142, 'F002', 'K014', 'G056', '0.77'),
(2976, 142, 'F003', 'K015', 'G060', '0.5'),
(2977, 142, 'F003', 'K016', 'G064', '0.57'),
(2978, 142, 'F001', 'K017', 'G068', '0.47'),
(2979, 142, 'F003', 'K018', 'G072', '0.44'),
(2980, 142, 'F002', 'K019', 'G076', '0.58'),
(2981, 142, 'F003', 'K020', 'G080', '0.45'),
(2982, 142, 'F003', 'K021', 'G084', '0.26'),
(2983, 143, 'F001', 'K001', 'G004', '0.69'),
(2984, 143, 'F001', 'K002', 'G008', '0.38'),
(2985, 143, 'F002', 'K003', 'G012', '0.5'),
(2986, 143, 'F003', 'K004', 'G016', '0.58'),
(2987, 143, 'F002', 'K005', 'G020', '0.34'),
(2988, 143, 'F002', 'K006', 'G024', '0.46'),
(2989, 143, 'F002', 'K007', 'G028', '0.65'),
(2990, 143, 'F002', 'K008', 'G032', '0.57'),
(2991, 143, 'F002', 'K009', 'G036', '0.8'),
(2992, 143, 'F001', 'K010', 'G040', '0.43'),
(2993, 143, 'F001', 'K011', 'G044', '0.6'),
(2994, 143, 'F003', 'K012', 'G048', '0.6'),
(2995, 143, 'F002', 'K013', 'G052', '0.57'),
(2996, 143, 'F002', 'K014', 'G056', '0.77'),
(2997, 143, 'F003', 'K015', 'G060', '0.5'),
(2998, 143, 'F003', 'K016', 'G064', '0.57'),
(2999, 143, 'F001', 'K017', 'G068', '0.47'),
(3000, 143, 'F003', 'K018', 'G072', '0.44'),
(3001, 143, 'F002', 'K019', 'G076', '0.58'),
(3002, 143, 'F003', 'K020', 'G080', '0.45'),
(3003, 143, 'F003', 'K021', 'G084', '0.26'),
(3004, 144, 'F001', 'K001', 'G004', '0.69'),
(3005, 144, 'F001', 'K002', 'G008', '0.38'),
(3006, 144, 'F002', 'K003', 'G012', '0.5'),
(3007, 144, 'F003', 'K004', 'G016', '0.58'),
(3008, 144, 'F002', 'K005', 'G020', '0.34'),
(3009, 144, 'F002', 'K006', 'G024', '0.46'),
(3010, 144, 'F002', 'K007', 'G028', '0.65'),
(3011, 144, 'F002', 'K008', 'G032', '0.57'),
(3012, 144, 'F002', 'K009', 'G036', '0.8'),
(3013, 144, 'F001', 'K010', 'G040', '0.43'),
(3014, 144, 'F001', 'K011', 'G044', '0.6'),
(3015, 144, 'F003', 'K012', 'G048', '0.6'),
(3016, 144, 'F002', 'K013', 'G052', '0.57'),
(3017, 144, 'F002', 'K014', 'G056', '0.77'),
(3018, 144, 'F003', 'K015', 'G060', '0.5'),
(3019, 144, 'F003', 'K016', 'G064', '0.57'),
(3020, 144, 'F001', 'K017', 'G068', '0.47'),
(3021, 144, 'F003', 'K018', 'G072', '0.44'),
(3022, 144, 'F002', 'K019', 'G076', '0.58'),
(3023, 144, 'F003', 'K020', 'G080', '0.45'),
(3024, 144, 'F003', 'K021', 'G084', '0.26'),
(3025, 145, 'F001', 'K001', 'G004', '0.69'),
(3026, 145, 'F001', 'K002', 'G008', '0.38'),
(3027, 145, 'F002', 'K003', 'G012', '0.5'),
(3028, 145, 'F003', 'K004', 'G016', '0.58'),
(3029, 145, 'F002', 'K005', 'G020', '0.34'),
(3030, 145, 'F002', 'K006', 'G024', '0.46'),
(3031, 145, 'F002', 'K007', 'G028', '0.65'),
(3032, 145, 'F002', 'K008', 'G032', '0.57'),
(3033, 145, 'F002', 'K009', 'G036', '0.8'),
(3034, 145, 'F001', 'K010', 'G040', '0.43'),
(3035, 145, 'F001', 'K011', 'G044', '0.6'),
(3036, 145, 'F003', 'K012', 'G048', '0.6'),
(3037, 145, 'F002', 'K013', 'G052', '0.57'),
(3038, 145, 'F002', 'K014', 'G056', '0.77'),
(3039, 145, 'F003', 'K015', 'G060', '0.5'),
(3040, 145, 'F003', 'K016', 'G064', '0.57'),
(3041, 145, 'F001', 'K017', 'G068', '0.47'),
(3042, 145, 'F003', 'K018', 'G072', '0.44'),
(3043, 145, 'F002', 'K019', 'G076', '0.58'),
(3044, 145, 'F003', 'K020', 'G080', '0.45'),
(3045, 145, 'F003', 'K021', 'G084', '0.26'),
(3046, 146, 'F001', 'K001', 'G004', '0.69'),
(3047, 146, 'F001', 'K002', 'G008', '0.38'),
(3048, 146, 'F002', 'K003', 'G012', '0.5'),
(3049, 146, 'F003', 'K004', 'G016', '0.58'),
(3050, 146, 'F002', 'K005', 'G020', '0.34'),
(3051, 146, 'F002', 'K006', 'G024', '0.46'),
(3052, 146, 'F002', 'K007', 'G028', '0.65'),
(3053, 146, 'F002', 'K008', 'G032', '0.57'),
(3054, 146, 'F002', 'K009', 'G036', '0.8'),
(3055, 146, 'F001', 'K010', 'G040', '0.43'),
(3056, 146, 'F001', 'K011', 'G044', '0.6'),
(3057, 146, 'F003', 'K012', 'G048', '0.6'),
(3058, 146, 'F002', 'K013', 'G052', '0.57'),
(3059, 146, 'F002', 'K014', 'G056', '0.77'),
(3060, 146, 'F003', 'K015', 'G060', '0.5'),
(3061, 146, 'F003', 'K016', 'G064', '0.57'),
(3062, 146, 'F001', 'K017', 'G068', '0.47'),
(3063, 146, 'F003', 'K018', 'G072', '0.44'),
(3064, 146, 'F002', 'K019', 'G076', '0.58'),
(3065, 146, 'F003', 'K020', 'G080', '0.45'),
(3066, 146, 'F003', 'K021', 'G084', '0.26'),
(3067, 147, 'F001', 'K001', 'G004', '0.69'),
(3068, 147, 'F001', 'K002', 'G008', '0.38'),
(3069, 147, 'F002', 'K003', 'G012', '0.5'),
(3070, 147, 'F003', 'K004', 'G016', '0.58'),
(3071, 147, 'F002', 'K005', 'G020', '0.34'),
(3072, 147, 'F002', 'K006', 'G024', '0.46'),
(3073, 147, 'F002', 'K007', 'G028', '0.65'),
(3074, 147, 'F002', 'K008', 'G032', '0.57'),
(3075, 147, 'F002', 'K009', 'G036', '0.8'),
(3076, 147, 'F001', 'K010', 'G040', '0.43'),
(3077, 147, 'F001', 'K011', 'G044', '0.6'),
(3078, 147, 'F003', 'K012', 'G048', '0.6'),
(3079, 147, 'F002', 'K013', 'G052', '0.57'),
(3080, 147, 'F002', 'K014', 'G056', '0.77'),
(3081, 147, 'F003', 'K015', 'G060', '0.5'),
(3082, 147, 'F003', 'K016', 'G064', '0.57'),
(3083, 147, 'F001', 'K017', 'G068', '0.47'),
(3084, 147, 'F003', 'K018', 'G072', '0.44'),
(3085, 147, 'F002', 'K019', 'G076', '0.58'),
(3086, 147, 'F003', 'K020', 'G080', '0.45'),
(3087, 147, 'F003', 'K021', 'G084', '0.26'),
(3088, 148, 'F001', 'K001', 'G004', '0.69'),
(3089, 148, 'F001', 'K002', 'G008', '0.38'),
(3090, 148, 'F002', 'K003', 'G012', '0.5'),
(3091, 148, 'F003', 'K004', 'G016', '0.58'),
(3092, 148, 'F002', 'K005', 'G020', '0.34'),
(3093, 148, 'F002', 'K006', 'G024', '0.46'),
(3094, 148, 'F002', 'K007', 'G028', '0.65'),
(3095, 148, 'F002', 'K008', 'G032', '0.57'),
(3096, 148, 'F002', 'K009', 'G036', '0.8'),
(3097, 148, 'F001', 'K010', 'G040', '0.43'),
(3098, 148, 'F001', 'K011', 'G044', '0.6'),
(3099, 148, 'F003', 'K012', 'G048', '0.6'),
(3100, 148, 'F002', 'K013', 'G052', '0.57'),
(3101, 148, 'F002', 'K014', 'G056', '0.77'),
(3102, 148, 'F003', 'K015', 'G060', '0.5'),
(3103, 148, 'F003', 'K016', 'G064', '0.57'),
(3104, 148, 'F001', 'K017', 'G068', '0.47'),
(3105, 148, 'F003', 'K018', 'G072', '0.44'),
(3106, 148, 'F002', 'K019', 'G076', '0.58'),
(3107, 148, 'F003', 'K020', 'G080', '0.45'),
(3108, 148, 'F003', 'K021', 'G084', '0.26'),
(3109, 149, 'F001', 'K001', 'G004', '0.69'),
(3110, 149, 'F001', 'K002', 'G008', '0.38'),
(3111, 149, 'F002', 'K003', 'G012', '0.5'),
(3112, 149, 'F003', 'K004', 'G016', '0.58'),
(3113, 149, 'F002', 'K005', 'G020', '0.34'),
(3114, 149, 'F002', 'K006', 'G024', '0.46'),
(3115, 149, 'F002', 'K007', 'G028', '0.65'),
(3116, 149, 'F002', 'K008', 'G032', '0.57'),
(3117, 149, 'F002', 'K009', 'G036', '0.8'),
(3118, 149, 'F001', 'K010', 'G040', '0.43'),
(3119, 149, 'F001', 'K011', 'G044', '0.6'),
(3120, 149, 'F003', 'K012', 'G048', '0.6'),
(3121, 149, 'F002', 'K013', 'G052', '0.57'),
(3122, 149, 'F002', 'K014', 'G056', '0.77'),
(3123, 149, 'F003', 'K015', 'G060', '0.5'),
(3124, 149, 'F003', 'K016', 'G064', '0.57'),
(3125, 149, 'F001', 'K017', 'G068', '0.47'),
(3126, 149, 'F003', 'K018', 'G072', '0.44'),
(3127, 149, 'F002', 'K019', 'G076', '0.58'),
(3128, 149, 'F003', 'K020', 'G080', '0.45'),
(3129, 149, 'F003', 'K021', 'G084', '0.26'),
(3130, 150, 'F001', 'K001', 'G004', '0.69'),
(3131, 150, 'F001', 'K002', 'G008', '0.38'),
(3132, 150, 'F002', 'K003', 'G012', '0.5'),
(3133, 150, 'F003', 'K004', 'G016', '0.58'),
(3134, 150, 'F002', 'K005', 'G020', '0.34'),
(3135, 150, 'F002', 'K006', 'G024', '0.46'),
(3136, 150, 'F002', 'K007', 'G028', '0.65'),
(3137, 150, 'F002', 'K008', 'G032', '0.57'),
(3138, 150, 'F002', 'K009', 'G036', '0.8'),
(3139, 150, 'F001', 'K010', 'G040', '0.43'),
(3140, 150, 'F001', 'K011', 'G044', '0.6'),
(3141, 150, 'F003', 'K012', 'G048', '0.6'),
(3142, 150, 'F002', 'K013', 'G052', '0.57'),
(3143, 150, 'F002', 'K014', 'G056', '0.77'),
(3144, 150, 'F003', 'K015', 'G060', '0.5'),
(3145, 150, 'F003', 'K016', 'G064', '0.57'),
(3146, 150, 'F001', 'K017', 'G068', '0.47'),
(3147, 150, 'F003', 'K018', 'G072', '0.44'),
(3148, 150, 'F002', 'K019', 'G076', '0.58'),
(3149, 150, 'F003', 'K020', 'G080', '0.45'),
(3150, 150, 'F003', 'K021', 'G084', '0.26'),
(3151, 151, 'F001', 'K001', 'G004', '0.69'),
(3152, 151, 'F001', 'K002', 'G008', '0.38'),
(3153, 151, 'F002', 'K003', 'G012', '0.5'),
(3154, 151, 'F003', 'K004', 'G016', '0.58'),
(3155, 151, 'F002', 'K005', 'G020', '0.34'),
(3156, 151, 'F002', 'K006', 'G024', '0.46'),
(3157, 151, 'F002', 'K007', 'G028', '0.65'),
(3158, 151, 'F002', 'K008', 'G032', '0.57'),
(3159, 151, 'F002', 'K009', 'G036', '0.8'),
(3160, 151, 'F001', 'K010', 'G040', '0.43'),
(3161, 151, 'F001', 'K011', 'G044', '0.6'),
(3162, 151, 'F003', 'K012', 'G048', '0.6'),
(3163, 151, 'F002', 'K013', 'G052', '0.57'),
(3164, 151, 'F002', 'K014', 'G056', '0.77'),
(3165, 151, 'F003', 'K015', 'G060', '0.5'),
(3166, 151, 'F003', 'K016', 'G064', '0.57'),
(3167, 151, 'F001', 'K017', 'G068', '0.47'),
(3168, 151, 'F003', 'K018', 'G072', '0.44'),
(3169, 151, 'F002', 'K019', 'G076', '0.58'),
(3170, 151, 'F003', 'K020', 'G080', '0.45'),
(3171, 151, 'F003', 'K021', 'G084', '0.26'),
(3172, 152, 'F001', 'K001', 'G004', '0.69'),
(3173, 152, 'F001', 'K002', 'G008', '0.38'),
(3174, 152, 'F002', 'K003', 'G012', '0.5'),
(3175, 152, 'F003', 'K004', 'G016', '0.58'),
(3176, 152, 'F002', 'K005', 'G020', '0.34'),
(3177, 152, 'F002', 'K006', 'G024', '0.46'),
(3178, 152, 'F002', 'K007', 'G028', '0.65'),
(3179, 152, 'F002', 'K008', 'G032', '0.57'),
(3180, 152, 'F002', 'K009', 'G036', '0.8'),
(3181, 152, 'F001', 'K010', 'G040', '0.43'),
(3182, 152, 'F001', 'K011', 'G044', '0.6'),
(3183, 152, 'F003', 'K012', 'G048', '0.6'),
(3184, 152, 'F002', 'K013', 'G052', '0.57'),
(3185, 152, 'F002', 'K014', 'G056', '0.77'),
(3186, 152, 'F003', 'K015', 'G060', '0.5'),
(3187, 152, 'F003', 'K016', 'G064', '0.57'),
(3188, 152, 'F001', 'K017', 'G068', '0.47'),
(3189, 152, 'F003', 'K018', 'G072', '0.44'),
(3190, 152, 'F002', 'K019', 'G076', '0.58'),
(3191, 152, 'F003', 'K020', 'G080', '0.45'),
(3192, 152, 'F003', 'K021', 'G084', '0.26'),
(3193, 153, 'F001', 'K001', 'G004', '0.69'),
(3194, 153, 'F001', 'K002', 'G008', '0.38'),
(3195, 153, 'F002', 'K003', 'G012', '0.5'),
(3196, 153, 'F003', 'K004', 'G016', '0.58'),
(3197, 153, 'F002', 'K005', 'G020', '0.34'),
(3198, 153, 'F002', 'K006', 'G024', '0.46'),
(3199, 153, 'F002', 'K007', 'G028', '0.65'),
(3200, 153, 'F002', 'K008', 'G032', '0.57'),
(3201, 153, 'F002', 'K009', 'G036', '0.8'),
(3202, 153, 'F001', 'K010', 'G040', '0.43'),
(3203, 153, 'F001', 'K011', 'G044', '0.6'),
(3204, 153, 'F003', 'K012', 'G048', '0.6'),
(3205, 153, 'F002', 'K013', 'G052', '0.57'),
(3206, 153, 'F002', 'K014', 'G056', '0.77'),
(3207, 153, 'F003', 'K015', 'G060', '0.5'),
(3208, 153, 'F003', 'K016', 'G064', '0.57'),
(3209, 153, 'F001', 'K017', 'G068', '0.47'),
(3210, 153, 'F003', 'K018', 'G072', '0.44'),
(3211, 153, 'F002', 'K019', 'G076', '0.58'),
(3212, 153, 'F003', 'K020', 'G080', '0.45'),
(3213, 153, 'F003', 'K021', 'G084', '0.26'),
(3214, 154, 'F001', 'K001', 'G004', '0.69'),
(3215, 154, 'F001', 'K002', 'G008', '0.38'),
(3216, 154, 'F002', 'K003', 'G012', '0.5'),
(3217, 154, 'F003', 'K004', 'G016', '0.58'),
(3218, 154, 'F002', 'K005', 'G020', '0.34'),
(3219, 154, 'F002', 'K006', 'G024', '0.46'),
(3220, 154, 'F002', 'K007', 'G028', '0.65'),
(3221, 154, 'F002', 'K008', 'G032', '0.57'),
(3222, 154, 'F002', 'K009', 'G036', '0.8'),
(3223, 154, 'F001', 'K010', 'G040', '0.43'),
(3224, 154, 'F001', 'K011', 'G044', '0.6'),
(3225, 154, 'F003', 'K012', 'G048', '0.6'),
(3226, 154, 'F002', 'K013', 'G052', '0.57'),
(3227, 154, 'F002', 'K014', 'G056', '0.77'),
(3228, 154, 'F003', 'K015', 'G060', '0.5'),
(3229, 154, 'F003', 'K016', 'G064', '0.57'),
(3230, 154, 'F001', 'K017', 'G068', '0.47'),
(3231, 154, 'F003', 'K018', 'G072', '0.44'),
(3232, 154, 'F002', 'K019', 'G076', '0.58'),
(3233, 154, 'F003', 'K020', 'G080', '0.45'),
(3234, 154, 'F003', 'K021', 'G084', '0.26'),
(3235, 155, 'F001', 'K001', 'G004', '0.69'),
(3236, 155, 'F001', 'K002', 'G008', '0.38'),
(3237, 155, 'F002', 'K003', 'G012', '0.5'),
(3238, 155, 'F003', 'K004', 'G016', '0.58'),
(3239, 155, 'F002', 'K005', 'G020', '0.34'),
(3240, 155, 'F002', 'K006', 'G024', '0.46'),
(3241, 155, 'F002', 'K007', 'G028', '0.65'),
(3242, 155, 'F002', 'K008', 'G032', '0.57'),
(3243, 155, 'F002', 'K009', 'G036', '0.8'),
(3244, 155, 'F001', 'K010', 'G040', '0.43'),
(3245, 155, 'F001', 'K011', 'G044', '0.6'),
(3246, 155, 'F003', 'K012', 'G048', '0.6'),
(3247, 155, 'F002', 'K013', 'G052', '0.57'),
(3248, 155, 'F002', 'K014', 'G056', '0.77'),
(3249, 155, 'F003', 'K015', 'G060', '0.5'),
(3250, 155, 'F003', 'K016', 'G064', '0.57'),
(3251, 155, 'F001', 'K017', 'G068', '0.47'),
(3252, 155, 'F003', 'K018', 'G072', '0.44'),
(3253, 155, 'F002', 'K019', 'G076', '0.58'),
(3254, 155, 'F003', 'K020', 'G080', '0.45'),
(3255, 155, 'F003', 'K021', 'G084', '0.26'),
(3256, 156, 'F001', 'K001', 'G001', '0'),
(3257, 156, 'F001', 'K002', 'G005', '0'),
(3258, 156, 'F002', 'K003', 'G009', '0'),
(3259, 156, 'F003', 'K004', 'G013', '0'),
(3260, 156, 'F002', 'K005', 'G017', '0'),
(3261, 156, 'F002', 'K006', 'G021', '0'),
(3262, 156, 'F002', 'K007', 'G025', '0'),
(3263, 156, 'F002', 'K008', 'G029', '0'),
(3264, 156, 'F002', 'K009', 'G033', '0'),
(3265, 156, 'F001', 'K010', 'G037', '0'),
(3266, 156, 'F001', 'K011', 'G041', '0'),
(3267, 156, 'F003', 'K012', 'G045', '0'),
(3268, 156, 'F002', 'K013', 'G049', '0'),
(3269, 156, 'F002', 'K014', 'G053', '0'),
(3270, 156, 'F003', 'K015', 'G057', '0'),
(3271, 156, 'F003', 'K016', 'G061', '0'),
(3272, 156, 'F001', 'K017', 'G065', '0'),
(3273, 156, 'F003', 'K018', 'G069', '0'),
(3274, 156, 'F002', 'K019', 'G073', '0'),
(3275, 156, 'F003', 'K020', 'G077', '0'),
(3276, 156, 'F003', 'K021', 'G081', '0'),
(3277, 157, 'F001', 'K001', 'G002', '0.2277'),
(3278, 157, 'F001', 'K002', 'G006', '0.1254'),
(3279, 157, 'F002', 'K003', 'G010', '0.165'),
(3280, 157, 'F003', 'K004', 'G014', '0.1914'),
(3281, 157, 'F002', 'K005', 'G018', '0.1122'),
(3282, 157, 'F002', 'K006', 'G022', '0.1518'),
(3283, 157, 'F002', 'K007', 'G026', '0.2145'),
(3284, 157, 'F002', 'K008', 'G030', '0.1881'),
(3285, 157, 'F002', 'K009', 'G034', '0.264'),
(3286, 157, 'F001', 'K010', 'G038', '0.1419'),
(3287, 157, 'F001', 'K011', 'G042', '0.198'),
(3288, 157, 'F003', 'K012', 'G046', '0.198'),
(3289, 157, 'F002', 'K013', 'G050', '0.1881'),
(3290, 157, 'F002', 'K014', 'G054', '0.2541'),
(3291, 157, 'F003', 'K015', 'G058', '0.165'),
(3292, 157, 'F003', 'K016', 'G062', '0.1881'),
(3293, 157, 'F001', 'K017', 'G066', '0.1551'),
(3294, 157, 'F003', 'K018', 'G070', '0.1452'),
(3295, 157, 'F002', 'K019', 'G074', '0.1914'),
(3296, 157, 'F003', 'K020', 'G078', '0.1485'),
(3297, 157, 'F003', 'K021', 'G082', '0.0858'),
(3298, 158, 'F001', 'K001', 'G002', '0.2277'),
(3299, 158, 'F001', 'K002', 'G006', '0.1254'),
(3300, 158, 'F002', 'K003', 'G010', '0.165'),
(3301, 158, 'F003', 'K004', 'G014', '0.1914'),
(3302, 158, 'F002', 'K005', 'G018', '0.1122'),
(3303, 158, 'F002', 'K006', 'G022', '0.1518'),
(3304, 158, 'F002', 'K007', 'G026', '0.2145'),
(3305, 158, 'F002', 'K008', 'G030', '0.1881'),
(3306, 158, 'F002', 'K009', 'G034', '0.264'),
(3307, 158, 'F001', 'K010', 'G038', '0.1419'),
(3308, 158, 'F001', 'K011', 'G042', '0.198'),
(3309, 158, 'F003', 'K012', 'G046', '0.198'),
(3310, 158, 'F002', 'K013', 'G050', '0.1881'),
(3311, 158, 'F002', 'K014', 'G054', '0.2541'),
(3312, 158, 'F003', 'K015', 'G058', '0.165'),
(3313, 158, 'F003', 'K016', 'G062', '0.1881'),
(3314, 158, 'F001', 'K017', 'G066', '0.1551'),
(3315, 158, 'F003', 'K018', 'G070', '0.1452'),
(3316, 158, 'F002', 'K019', 'G074', '0.1914'),
(3317, 158, 'F003', 'K020', 'G078', '0.1485'),
(3318, 158, 'F003', 'K021', 'G082', '0.0858'),
(3319, 159, 'F001', 'K001', 'G002', '0.2277'),
(3320, 159, 'F001', 'K002', 'G006', '0.1254'),
(3321, 159, 'F002', 'K003', 'G010', '0.165'),
(3322, 159, 'F003', 'K004', 'G014', '0.1914'),
(3323, 159, 'F002', 'K005', 'G018', '0.1122'),
(3324, 159, 'F002', 'K006', 'G022', '0.1518'),
(3325, 159, 'F002', 'K007', 'G026', '0.2145'),
(3326, 159, 'F002', 'K008', 'G030', '0.1881'),
(3327, 159, 'F002', 'K009', 'G034', '0.264'),
(3328, 159, 'F001', 'K010', 'G038', '0.1419'),
(3329, 159, 'F001', 'K011', 'G042', '0.198'),
(3330, 159, 'F003', 'K012', 'G046', '0.198'),
(3331, 159, 'F002', 'K013', 'G050', '0.1881'),
(3332, 159, 'F002', 'K014', 'G054', '0.2541'),
(3333, 159, 'F003', 'K015', 'G058', '0.165'),
(3334, 159, 'F003', 'K016', 'G062', '0.1881'),
(3335, 159, 'F001', 'K017', 'G066', '0.1551'),
(3336, 159, 'F003', 'K018', 'G070', '0.1452'),
(3337, 159, 'F002', 'K019', 'G074', '0.1914'),
(3338, 159, 'F003', 'K020', 'G078', '0.1485'),
(3339, 159, 'F003', 'K021', 'G082', '0.0858'),
(3340, 160, 'F001', 'K001', 'G002', '0.2277'),
(3341, 160, 'F001', 'K002', 'G006', '0.1254'),
(3342, 160, 'F002', 'K003', 'G010', '0.165'),
(3343, 160, 'F003', 'K004', 'G014', '0.1914'),
(3344, 160, 'F002', 'K005', 'G018', '0.1122'),
(3345, 160, 'F002', 'K006', 'G022', '0.1518'),
(3346, 160, 'F002', 'K007', 'G026', '0.2145'),
(3347, 160, 'F002', 'K008', 'G030', '0.1881'),
(3348, 160, 'F002', 'K009', 'G034', '0.264'),
(3349, 160, 'F001', 'K010', 'G038', '0.1419'),
(3350, 160, 'F001', 'K011', 'G042', '0.198'),
(3351, 160, 'F003', 'K012', 'G046', '0.198'),
(3352, 160, 'F002', 'K013', 'G050', '0.1881'),
(3353, 160, 'F002', 'K014', 'G054', '0.2541'),
(3354, 160, 'F003', 'K015', 'G058', '0.165'),
(3355, 160, 'F003', 'K016', 'G062', '0.1881'),
(3356, 160, 'F001', 'K017', 'G066', '0.1551'),
(3357, 160, 'F003', 'K018', 'G070', '0.1452'),
(3358, 160, 'F002', 'K019', 'G074', '0.1914'),
(3359, 160, 'F003', 'K020', 'G078', '0.1485'),
(3360, 160, 'F003', 'K021', 'G082', '0.0858'),
(3361, 161, 'F001', 'K001', 'G002', '0.2277'),
(3362, 161, 'F001', 'K002', 'G006', '0.1254'),
(3363, 161, 'F002', 'K003', 'G010', '0.165'),
(3364, 161, 'F003', 'K004', 'G014', '0.1914'),
(3365, 161, 'F002', 'K005', 'G018', '0.1122'),
(3366, 161, 'F002', 'K006', 'G022', '0.1518'),
(3367, 161, 'F002', 'K007', 'G026', '0.2145'),
(3368, 161, 'F002', 'K008', 'G030', '0.1881'),
(3369, 161, 'F002', 'K009', 'G034', '0.264'),
(3370, 161, 'F001', 'K010', 'G038', '0.1419'),
(3371, 161, 'F001', 'K011', 'G042', '0.198'),
(3372, 161, 'F003', 'K012', 'G046', '0.198'),
(3373, 161, 'F002', 'K013', 'G050', '0.1881'),
(3374, 161, 'F002', 'K014', 'G054', '0.2541'),
(3375, 161, 'F003', 'K015', 'G058', '0.165'),
(3376, 161, 'F003', 'K016', 'G062', '0.1881'),
(3377, 161, 'F001', 'K017', 'G066', '0.1551'),
(3378, 161, 'F003', 'K018', 'G070', '0.1452'),
(3379, 161, 'F002', 'K019', 'G074', '0.1914'),
(3380, 161, 'F003', 'K020', 'G078', '0.1485'),
(3381, 161, 'F003', 'K021', 'G082', '0.0858'),
(3382, 162, 'F001', 'K001', 'G002', '0.2277'),
(3383, 162, 'F001', 'K002', 'G006', '0.1254'),
(3384, 162, 'F002', 'K003', 'G010', '0.165'),
(3385, 162, 'F003', 'K004', 'G014', '0.1914'),
(3386, 162, 'F002', 'K005', 'G018', '0.1122'),
(3387, 162, 'F002', 'K006', 'G022', '0.1518'),
(3388, 162, 'F002', 'K007', 'G026', '0.2145'),
(3389, 162, 'F002', 'K008', 'G030', '0.1881'),
(3390, 162, 'F002', 'K009', 'G034', '0.264'),
(3391, 162, 'F001', 'K010', 'G038', '0.1419'),
(3392, 162, 'F001', 'K011', 'G042', '0.198'),
(3393, 162, 'F003', 'K012', 'G046', '0.198'),
(3394, 162, 'F002', 'K013', 'G050', '0.1881'),
(3395, 162, 'F002', 'K014', 'G054', '0.2541'),
(3396, 162, 'F003', 'K015', 'G058', '0.165'),
(3397, 162, 'F003', 'K016', 'G062', '0.1881'),
(3398, 162, 'F001', 'K017', 'G066', '0.1551'),
(3399, 162, 'F003', 'K018', 'G070', '0.1452'),
(3400, 162, 'F002', 'K019', 'G074', '0.1914'),
(3401, 162, 'F003', 'K020', 'G078', '0.1485'),
(3402, 162, 'F003', 'K021', 'G082', '0.0858'),
(3403, 163, 'F001', 'K001', 'G002', '0.2277'),
(3404, 163, 'F001', 'K002', 'G006', '0.1254'),
(3405, 163, 'F002', 'K003', 'G010', '0.165'),
(3406, 163, 'F003', 'K004', 'G014', '0.1914'),
(3407, 163, 'F002', 'K005', 'G018', '0.1122'),
(3408, 163, 'F002', 'K006', 'G022', '0.1518'),
(3409, 163, 'F002', 'K007', 'G026', '0.2145'),
(3410, 163, 'F002', 'K008', 'G030', '0.1881'),
(3411, 163, 'F002', 'K009', 'G034', '0.264'),
(3412, 163, 'F001', 'K010', 'G038', '0.1419'),
(3413, 163, 'F001', 'K011', 'G042', '0.198'),
(3414, 163, 'F003', 'K012', 'G046', '0.198'),
(3415, 163, 'F002', 'K013', 'G050', '0.1881'),
(3416, 163, 'F002', 'K014', 'G054', '0.2541'),
(3417, 163, 'F003', 'K015', 'G058', '0.165'),
(3418, 163, 'F003', 'K016', 'G062', '0.1881'),
(3419, 163, 'F001', 'K017', 'G066', '0.1551'),
(3420, 163, 'F003', 'K018', 'G070', '0.1452'),
(3421, 163, 'F002', 'K019', 'G074', '0.1914'),
(3422, 163, 'F003', 'K020', 'G078', '0.1485'),
(3423, 163, 'F003', 'K021', 'G082', '0.0858'),
(3424, 164, 'F001', 'K001', 'G002', '0.2277'),
(3425, 164, 'F001', 'K002', 'G006', '0.1254'),
(3426, 164, 'F002', 'K003', 'G010', '0.165'),
(3427, 164, 'F003', 'K004', 'G014', '0.1914'),
(3428, 164, 'F002', 'K005', 'G018', '0.1122'),
(3429, 164, 'F002', 'K006', 'G022', '0.1518'),
(3430, 164, 'F002', 'K007', 'G026', '0.2145'),
(3431, 164, 'F002', 'K008', 'G030', '0.1881'),
(3432, 164, 'F002', 'K009', 'G034', '0.264'),
(3433, 164, 'F001', 'K010', 'G038', '0.1419'),
(3434, 164, 'F001', 'K011', 'G042', '0.198'),
(3435, 164, 'F003', 'K012', 'G046', '0.198'),
(3436, 164, 'F002', 'K013', 'G050', '0.1881'),
(3437, 164, 'F002', 'K014', 'G054', '0.2541'),
(3438, 164, 'F003', 'K015', 'G058', '0.165'),
(3439, 164, 'F003', 'K016', 'G062', '0.1881'),
(3440, 164, 'F001', 'K017', 'G066', '0.1551'),
(3441, 164, 'F003', 'K018', 'G070', '0.1452'),
(3442, 164, 'F002', 'K019', 'G074', '0.1914'),
(3443, 164, 'F003', 'K020', 'G078', '0.1485'),
(3444, 164, 'F003', 'K021', 'G082', '0.0858'),
(3445, 165, 'F001', 'K001', 'G002', '0.2277'),
(3446, 165, 'F001', 'K002', 'G006', '0.1254'),
(3447, 165, 'F002', 'K003', 'G010', '0.165'),
(3448, 165, 'F003', 'K004', 'G014', '0.1914'),
(3449, 165, 'F002', 'K005', 'G018', '0.1122'),
(3450, 165, 'F002', 'K006', 'G022', '0.1518'),
(3451, 165, 'F002', 'K007', 'G026', '0.2145'),
(3452, 165, 'F002', 'K008', 'G030', '0.1881'),
(3453, 165, 'F002', 'K009', 'G034', '0.264'),
(3454, 165, 'F001', 'K010', 'G038', '0.1419'),
(3455, 165, 'F001', 'K011', 'G042', '0.198'),
(3456, 165, 'F003', 'K012', 'G046', '0.198'),
(3457, 165, 'F002', 'K013', 'G050', '0.1881'),
(3458, 165, 'F002', 'K014', 'G054', '0.2541'),
(3459, 165, 'F003', 'K015', 'G058', '0.165'),
(3460, 165, 'F003', 'K016', 'G062', '0.1881'),
(3461, 165, 'F001', 'K017', 'G066', '0.1551'),
(3462, 165, 'F003', 'K018', 'G070', '0.1452'),
(3463, 165, 'F002', 'K019', 'G074', '0.1914'),
(3464, 165, 'F003', 'K020', 'G078', '0.1485'),
(3465, 165, 'F003', 'K021', 'G082', '0.0858'),
(3466, 166, 'F001', 'K001', 'G002', '0.2277'),
(3467, 166, 'F001', 'K002', 'G006', '0.1254'),
(3468, 166, 'F002', 'K003', 'G010', '0.165'),
(3469, 166, 'F003', 'K004', 'G014', '0.1914'),
(3470, 166, 'F002', 'K005', 'G018', '0.1122'),
(3471, 166, 'F002', 'K006', 'G022', '0.1518'),
(3472, 166, 'F002', 'K007', 'G026', '0.2145'),
(3473, 166, 'F002', 'K008', 'G030', '0.1881'),
(3474, 166, 'F002', 'K009', 'G034', '0.264'),
(3475, 166, 'F001', 'K010', 'G038', '0.1419'),
(3476, 166, 'F001', 'K011', 'G042', '0.198'),
(3477, 166, 'F003', 'K012', 'G046', '0.198'),
(3478, 166, 'F002', 'K013', 'G050', '0.1881'),
(3479, 166, 'F002', 'K014', 'G054', '0.2541'),
(3480, 166, 'F003', 'K015', 'G058', '0.165'),
(3481, 166, 'F003', 'K016', 'G062', '0.1881'),
(3482, 166, 'F001', 'K017', 'G066', '0.1551'),
(3483, 166, 'F003', 'K018', 'G070', '0.1452'),
(3484, 166, 'F002', 'K019', 'G074', '0.1914'),
(3485, 166, 'F003', 'K020', 'G078', '0.1485'),
(3486, 166, 'F003', 'K021', 'G082', '0.0858'),
(3487, 167, 'F001', 'K001', 'G002', '0.2277'),
(3488, 167, 'F001', 'K002', 'G006', '0.1254'),
(3489, 167, 'F002', 'K003', 'G010', '0.165'),
(3490, 167, 'F003', 'K004', 'G014', '0.1914'),
(3491, 167, 'F002', 'K005', 'G018', '0.1122'),
(3492, 167, 'F002', 'K006', 'G022', '0.1518'),
(3493, 167, 'F002', 'K007', 'G026', '0.2145'),
(3494, 167, 'F002', 'K008', 'G030', '0.1881'),
(3495, 167, 'F002', 'K009', 'G034', '0.264'),
(3496, 167, 'F001', 'K010', 'G038', '0.1419'),
(3497, 167, 'F001', 'K011', 'G042', '0.198'),
(3498, 167, 'F003', 'K012', 'G046', '0.198'),
(3499, 167, 'F002', 'K013', 'G050', '0.1881'),
(3500, 167, 'F002', 'K014', 'G054', '0.2541'),
(3501, 167, 'F003', 'K015', 'G058', '0.165'),
(3502, 167, 'F003', 'K016', 'G062', '0.1881'),
(3503, 167, 'F001', 'K017', 'G066', '0.1551'),
(3504, 167, 'F003', 'K018', 'G070', '0.1452'),
(3505, 167, 'F002', 'K019', 'G074', '0.1914'),
(3506, 167, 'F003', 'K020', 'G078', '0.1485'),
(3507, 167, 'F003', 'K021', 'G082', '0.0858'),
(3508, 168, 'F001', 'K001', 'G002', '0.2277'),
(3509, 168, 'F001', 'K002', 'G006', '0.1254'),
(3510, 168, 'F002', 'K003', 'G010', '0.165'),
(3511, 168, 'F003', 'K004', 'G014', '0.1914'),
(3512, 168, 'F002', 'K005', 'G018', '0.1122'),
(3513, 168, 'F002', 'K006', 'G022', '0.1518'),
(3514, 168, 'F002', 'K007', 'G026', '0.2145'),
(3515, 168, 'F002', 'K008', 'G030', '0.1881'),
(3516, 168, 'F002', 'K009', 'G034', '0.264'),
(3517, 168, 'F001', 'K010', 'G038', '0.1419'),
(3518, 168, 'F001', 'K011', 'G042', '0.198'),
(3519, 168, 'F003', 'K012', 'G046', '0.198'),
(3520, 168, 'F002', 'K013', 'G050', '0.1881'),
(3521, 168, 'F002', 'K014', 'G054', '0.2541'),
(3522, 168, 'F003', 'K015', 'G058', '0.165'),
(3523, 168, 'F003', 'K016', 'G062', '0.1881'),
(3524, 168, 'F001', 'K017', 'G066', '0.1551'),
(3525, 168, 'F003', 'K018', 'G070', '0.1452'),
(3526, 168, 'F002', 'K019', 'G074', '0.1914'),
(3527, 168, 'F003', 'K020', 'G078', '0.1485'),
(3528, 168, 'F003', 'K021', 'G082', '0.0858'),
(3529, 169, 'F001', 'K001', 'G002', '0.2277'),
(3530, 169, 'F001', 'K002', 'G006', '0.1254'),
(3531, 169, 'F002', 'K003', 'G010', '0.165'),
(3532, 169, 'F003', 'K004', 'G014', '0.1914'),
(3533, 169, 'F002', 'K005', 'G018', '0.1122'),
(3534, 169, 'F002', 'K006', 'G022', '0.1518'),
(3535, 169, 'F002', 'K007', 'G026', '0.2145'),
(3536, 169, 'F002', 'K008', 'G030', '0.1881'),
(3537, 169, 'F002', 'K009', 'G034', '0.264'),
(3538, 169, 'F001', 'K010', 'G038', '0.1419'),
(3539, 169, 'F001', 'K011', 'G042', '0.198'),
(3540, 169, 'F003', 'K012', 'G046', '0.198'),
(3541, 169, 'F002', 'K013', 'G050', '0.1881'),
(3542, 169, 'F002', 'K014', 'G054', '0.2541'),
(3543, 169, 'F003', 'K015', 'G058', '0.165'),
(3544, 169, 'F003', 'K016', 'G062', '0.1881'),
(3545, 169, 'F001', 'K017', 'G066', '0.1551'),
(3546, 169, 'F003', 'K018', 'G070', '0.1452'),
(3547, 169, 'F002', 'K019', 'G074', '0.1914'),
(3548, 169, 'F003', 'K020', 'G078', '0.1485'),
(3549, 169, 'F003', 'K021', 'G082', '0.0858'),
(3550, 170, 'F001', 'K001', 'G002', '0.2277'),
(3551, 170, 'F001', 'K002', 'G006', '0.1254'),
(3552, 170, 'F002', 'K003', 'G010', '0.165'),
(3553, 170, 'F003', 'K004', 'G014', '0.1914'),
(3554, 170, 'F002', 'K005', 'G018', '0.1122'),
(3555, 170, 'F002', 'K006', 'G022', '0.1518'),
(3556, 170, 'F002', 'K007', 'G026', '0.2145'),
(3557, 170, 'F002', 'K008', 'G030', '0.1881'),
(3558, 170, 'F002', 'K009', 'G034', '0.264'),
(3559, 170, 'F001', 'K010', 'G038', '0.1419'),
(3560, 170, 'F001', 'K011', 'G042', '0.198'),
(3561, 170, 'F003', 'K012', 'G046', '0.198'),
(3562, 170, 'F002', 'K013', 'G050', '0.1881'),
(3563, 170, 'F002', 'K014', 'G054', '0.2541'),
(3564, 170, 'F003', 'K015', 'G058', '0.165'),
(3565, 170, 'F003', 'K016', 'G062', '0.1881'),
(3566, 170, 'F001', 'K017', 'G066', '0.1551'),
(3567, 170, 'F003', 'K018', 'G070', '0.1452'),
(3568, 170, 'F002', 'K019', 'G074', '0.1914'),
(3569, 170, 'F003', 'K020', 'G078', '0.1485'),
(3570, 170, 'F003', 'K021', 'G082', '0.0858'),
(3571, 171, 'F001', 'K001', 'G002', '0.2277'),
(3572, 171, 'F001', 'K002', 'G006', '0.1254'),
(3573, 171, 'F002', 'K003', 'G010', '0.165'),
(3574, 171, 'F003', 'K004', 'G014', '0.1914'),
(3575, 171, 'F002', 'K005', 'G018', '0.1122'),
(3576, 171, 'F002', 'K006', 'G022', '0.1518'),
(3577, 171, 'F002', 'K007', 'G026', '0.2145'),
(3578, 171, 'F002', 'K008', 'G030', '0.1881'),
(3579, 171, 'F002', 'K009', 'G034', '0.264'),
(3580, 171, 'F001', 'K010', 'G038', '0.1419');
INSERT INTO `tb_detail_pemeriksaan` (`id_detail`, `id_pemeriksaan`, `id_faktor`, `id_kategori`, `id_gejala`, `total`) VALUES
(3581, 171, 'F001', 'K011', 'G042', '0.198'),
(3582, 171, 'F003', 'K012', 'G046', '0.198'),
(3583, 171, 'F002', 'K013', 'G050', '0.1881'),
(3584, 171, 'F002', 'K014', 'G054', '0.2541'),
(3585, 171, 'F003', 'K015', 'G058', '0.165'),
(3586, 171, 'F003', 'K016', 'G062', '0.1881'),
(3587, 171, 'F001', 'K017', 'G066', '0.1551'),
(3588, 171, 'F003', 'K018', 'G070', '0.1452'),
(3589, 171, 'F002', 'K019', 'G074', '0.1914'),
(3590, 171, 'F003', 'K020', 'G078', '0.1485'),
(3591, 171, 'F003', 'K021', 'G082', '0.0858'),
(3592, 172, 'F001', 'K001', 'G002', '0.2277'),
(3593, 172, 'F001', 'K002', 'G006', '0.1254'),
(3594, 172, 'F002', 'K003', 'G010', '0.165'),
(3595, 172, 'F003', 'K004', 'G014', '0.1914'),
(3596, 172, 'F002', 'K005', 'G018', '0.1122'),
(3597, 172, 'F002', 'K006', 'G022', '0.1518'),
(3598, 172, 'F002', 'K007', 'G026', '0.2145'),
(3599, 172, 'F002', 'K008', 'G030', '0.1881'),
(3600, 172, 'F002', 'K009', 'G034', '0.264'),
(3601, 172, 'F001', 'K010', 'G038', '0.1419'),
(3602, 172, 'F001', 'K011', 'G042', '0.198'),
(3603, 172, 'F003', 'K012', 'G046', '0.198'),
(3604, 172, 'F002', 'K013', 'G050', '0.1881'),
(3605, 172, 'F002', 'K014', 'G054', '0.2541'),
(3606, 172, 'F003', 'K015', 'G058', '0.165'),
(3607, 172, 'F003', 'K016', 'G062', '0.1881'),
(3608, 172, 'F001', 'K017', 'G066', '0.1551'),
(3609, 172, 'F003', 'K018', 'G070', '0.1452'),
(3610, 172, 'F002', 'K019', 'G074', '0.1914'),
(3611, 172, 'F003', 'K020', 'G078', '0.1485'),
(3612, 172, 'F003', 'K021', 'G082', '0.0858'),
(3613, 173, 'F001', 'K001', 'G002', '0.2277'),
(3614, 173, 'F001', 'K002', 'G006', '0.1254'),
(3615, 173, 'F002', 'K003', 'G010', '0.165'),
(3616, 173, 'F003', 'K004', 'G014', '0.1914'),
(3617, 173, 'F002', 'K005', 'G018', '0.1122'),
(3618, 173, 'F002', 'K006', 'G022', '0.1518'),
(3619, 173, 'F002', 'K007', 'G026', '0.2145'),
(3620, 173, 'F002', 'K008', 'G030', '0.1881'),
(3621, 173, 'F002', 'K009', 'G034', '0.264'),
(3622, 173, 'F001', 'K010', 'G038', '0.1419'),
(3623, 173, 'F001', 'K011', 'G042', '0.198'),
(3624, 173, 'F003', 'K012', 'G046', '0.198'),
(3625, 173, 'F002', 'K013', 'G050', '0.1881'),
(3626, 173, 'F002', 'K014', 'G054', '0.2541'),
(3627, 173, 'F003', 'K015', 'G058', '0.165'),
(3628, 173, 'F003', 'K016', 'G062', '0.1881'),
(3629, 173, 'F001', 'K017', 'G066', '0.1551'),
(3630, 173, 'F003', 'K018', 'G070', '0.1452'),
(3631, 173, 'F002', 'K019', 'G074', '0.1914'),
(3632, 173, 'F003', 'K020', 'G078', '0.1485'),
(3633, 173, 'F003', 'K021', 'G082', '0.0858'),
(3634, 174, 'F001', 'K001', 'G002', '0.2277'),
(3635, 174, 'F001', 'K002', 'G006', '0.1254'),
(3636, 174, 'F002', 'K003', 'G010', '0.165'),
(3637, 174, 'F003', 'K004', 'G014', '0.1914'),
(3638, 174, 'F002', 'K005', 'G018', '0.1122'),
(3639, 174, 'F002', 'K006', 'G022', '0.1518'),
(3640, 174, 'F002', 'K007', 'G026', '0.2145'),
(3641, 174, 'F002', 'K008', 'G030', '0.1881'),
(3642, 174, 'F002', 'K009', 'G034', '0.264'),
(3643, 174, 'F001', 'K010', 'G038', '0.1419'),
(3644, 174, 'F001', 'K011', 'G042', '0.198'),
(3645, 174, 'F003', 'K012', 'G046', '0.198'),
(3646, 174, 'F002', 'K013', 'G050', '0.1881'),
(3647, 174, 'F002', 'K014', 'G054', '0.2541'),
(3648, 174, 'F003', 'K015', 'G058', '0.165'),
(3649, 174, 'F003', 'K016', 'G062', '0.1881'),
(3650, 174, 'F001', 'K017', 'G066', '0.1551'),
(3651, 174, 'F003', 'K018', 'G070', '0.1452'),
(3652, 174, 'F002', 'K019', 'G074', '0.1914'),
(3653, 174, 'F003', 'K020', 'G078', '0.1485'),
(3654, 174, 'F003', 'K021', 'G082', '0.0858'),
(3655, 175, 'F001', 'K001', 'G002', '0.2277'),
(3656, 175, 'F001', 'K002', 'G006', '0.1254'),
(3657, 175, 'F002', 'K003', 'G010', '0.165'),
(3658, 175, 'F003', 'K004', 'G014', '0.1914'),
(3659, 175, 'F002', 'K005', 'G018', '0.1122'),
(3660, 175, 'F002', 'K006', 'G022', '0.1518'),
(3661, 175, 'F002', 'K007', 'G026', '0.2145'),
(3662, 175, 'F002', 'K008', 'G030', '0.1881'),
(3663, 175, 'F002', 'K009', 'G034', '0.264'),
(3664, 175, 'F001', 'K010', 'G038', '0.1419'),
(3665, 175, 'F001', 'K011', 'G042', '0.198'),
(3666, 175, 'F003', 'K012', 'G046', '0.198'),
(3667, 175, 'F002', 'K013', 'G050', '0.1881'),
(3668, 175, 'F002', 'K014', 'G054', '0.2541'),
(3669, 175, 'F003', 'K015', 'G058', '0.165'),
(3670, 175, 'F003', 'K016', 'G062', '0.1881'),
(3671, 175, 'F001', 'K017', 'G066', '0.1551'),
(3672, 175, 'F003', 'K018', 'G070', '0.1452'),
(3673, 175, 'F002', 'K019', 'G074', '0.1914'),
(3674, 175, 'F003', 'K020', 'G078', '0.1485'),
(3675, 175, 'F003', 'K021', 'G082', '0.0858'),
(3676, 176, 'F001', 'K001', 'G002', '0.2277'),
(3677, 176, 'F001', 'K002', 'G006', '0.1254'),
(3678, 176, 'F002', 'K003', 'G010', '0.165'),
(3679, 176, 'F003', 'K004', 'G014', '0.1914'),
(3680, 176, 'F002', 'K005', 'G018', '0.1122'),
(3681, 176, 'F002', 'K006', 'G022', '0.1518'),
(3682, 176, 'F002', 'K007', 'G026', '0.2145'),
(3683, 176, 'F002', 'K008', 'G030', '0.1881'),
(3684, 176, 'F002', 'K009', 'G034', '0.264'),
(3685, 176, 'F001', 'K010', 'G038', '0.1419'),
(3686, 176, 'F001', 'K011', 'G042', '0.198'),
(3687, 176, 'F003', 'K012', 'G046', '0.198'),
(3688, 176, 'F002', 'K013', 'G050', '0.1881'),
(3689, 176, 'F002', 'K014', 'G054', '0.2541'),
(3690, 176, 'F003', 'K015', 'G058', '0.165'),
(3691, 176, 'F003', 'K016', 'G062', '0.1881'),
(3692, 176, 'F001', 'K017', 'G066', '0.1551'),
(3693, 176, 'F003', 'K018', 'G070', '0.1452'),
(3694, 176, 'F002', 'K019', 'G074', '0.1914'),
(3695, 176, 'F003', 'K020', 'G078', '0.1485'),
(3696, 176, 'F003', 'K021', 'G082', '0.0858'),
(3697, 177, 'F001', 'K001', 'G002', '0.2277'),
(3698, 177, 'F001', 'K002', 'G006', '0.1254'),
(3699, 177, 'F002', 'K003', 'G010', '0.165'),
(3700, 177, 'F003', 'K004', 'G014', '0.1914'),
(3701, 177, 'F002', 'K005', 'G018', '0.1122'),
(3702, 177, 'F002', 'K006', 'G022', '0.1518'),
(3703, 177, 'F002', 'K007', 'G026', '0.2145'),
(3704, 177, 'F002', 'K008', 'G030', '0.1881'),
(3705, 177, 'F002', 'K009', 'G034', '0.264'),
(3706, 177, 'F001', 'K010', 'G038', '0.1419'),
(3707, 177, 'F001', 'K011', 'G042', '0.198'),
(3708, 177, 'F003', 'K012', 'G046', '0.198'),
(3709, 177, 'F002', 'K013', 'G050', '0.1881'),
(3710, 177, 'F002', 'K014', 'G054', '0.2541'),
(3711, 177, 'F003', 'K015', 'G058', '0.165'),
(3712, 177, 'F003', 'K016', 'G062', '0.1881'),
(3713, 177, 'F001', 'K017', 'G066', '0.1551'),
(3714, 177, 'F003', 'K018', 'G070', '0.1452'),
(3715, 177, 'F002', 'K019', 'G074', '0.1914'),
(3716, 177, 'F003', 'K020', 'G078', '0.1485'),
(3717, 177, 'F003', 'K021', 'G082', '0.0858'),
(3718, 178, 'F001', 'K001', 'G002', '0.2277'),
(3719, 178, 'F001', 'K002', 'G006', '0.1254'),
(3720, 178, 'F002', 'K003', 'G010', '0.165'),
(3721, 178, 'F003', 'K004', 'G014', '0.1914'),
(3722, 178, 'F002', 'K005', 'G018', '0.1122'),
(3723, 178, 'F002', 'K006', 'G022', '0.1518'),
(3724, 178, 'F002', 'K007', 'G026', '0.2145'),
(3725, 178, 'F002', 'K008', 'G030', '0.1881'),
(3726, 178, 'F002', 'K009', 'G034', '0.264'),
(3727, 178, 'F001', 'K010', 'G038', '0.1419'),
(3728, 178, 'F001', 'K011', 'G042', '0.198'),
(3729, 178, 'F003', 'K012', 'G046', '0.198'),
(3730, 178, 'F002', 'K013', 'G050', '0.1881'),
(3731, 178, 'F002', 'K014', 'G054', '0.2541'),
(3732, 178, 'F003', 'K015', 'G058', '0.165'),
(3733, 178, 'F003', 'K016', 'G062', '0.1881'),
(3734, 178, 'F001', 'K017', 'G066', '0.1551'),
(3735, 178, 'F003', 'K018', 'G070', '0.1452'),
(3736, 178, 'F002', 'K019', 'G074', '0.1914'),
(3737, 178, 'F003', 'K020', 'G078', '0.1485'),
(3738, 178, 'F003', 'K021', 'G082', '0.0858'),
(3739, 179, 'F001', 'K001', 'G002', '0.2277'),
(3740, 179, 'F001', 'K002', 'G006', '0.1254'),
(3741, 179, 'F002', 'K003', 'G010', '0.165'),
(3742, 179, 'F003', 'K004', 'G014', '0.1914'),
(3743, 179, 'F002', 'K005', 'G018', '0.1122'),
(3744, 179, 'F002', 'K006', 'G022', '0.1518'),
(3745, 179, 'F002', 'K007', 'G026', '0.2145'),
(3746, 179, 'F002', 'K008', 'G030', '0.1881'),
(3747, 179, 'F002', 'K009', 'G034', '0.264'),
(3748, 179, 'F001', 'K010', 'G038', '0.1419'),
(3749, 179, 'F001', 'K011', 'G042', '0.198'),
(3750, 179, 'F003', 'K012', 'G046', '0.198'),
(3751, 179, 'F002', 'K013', 'G050', '0.1881'),
(3752, 179, 'F002', 'K014', 'G054', '0.2541'),
(3753, 179, 'F003', 'K015', 'G058', '0.165'),
(3754, 179, 'F003', 'K016', 'G062', '0.1881'),
(3755, 179, 'F001', 'K017', 'G066', '0.1551'),
(3756, 179, 'F003', 'K018', 'G070', '0.1452'),
(3757, 179, 'F002', 'K019', 'G074', '0.1914'),
(3758, 179, 'F003', 'K020', 'G078', '0.1485'),
(3759, 179, 'F003', 'K021', 'G082', '0.0858'),
(3760, 180, 'F001', 'K001', 'G002', '0.2277'),
(3761, 180, 'F001', 'K002', 'G006', '0.1254'),
(3762, 180, 'F002', 'K003', 'G010', '0.165'),
(3763, 180, 'F003', 'K004', 'G014', '0.1914'),
(3764, 180, 'F002', 'K005', 'G018', '0.1122'),
(3765, 180, 'F002', 'K006', 'G022', '0.1518'),
(3766, 180, 'F002', 'K007', 'G026', '0.2145'),
(3767, 180, 'F002', 'K008', 'G030', '0.1881'),
(3768, 180, 'F002', 'K009', 'G034', '0.264'),
(3769, 180, 'F001', 'K010', 'G038', '0.1419'),
(3770, 180, 'F001', 'K011', 'G042', '0.198'),
(3771, 180, 'F003', 'K012', 'G046', '0.198'),
(3772, 180, 'F002', 'K013', 'G050', '0.1881'),
(3773, 180, 'F002', 'K014', 'G054', '0.2541'),
(3774, 180, 'F003', 'K015', 'G058', '0.165'),
(3775, 180, 'F003', 'K016', 'G062', '0.1881'),
(3776, 180, 'F001', 'K017', 'G066', '0.1551'),
(3777, 180, 'F003', 'K018', 'G070', '0.1452'),
(3778, 180, 'F002', 'K019', 'G074', '0.1914'),
(3779, 180, 'F003', 'K020', 'G078', '0.1485'),
(3780, 180, 'F003', 'K021', 'G082', '0.0858'),
(3781, 181, 'F001', 'K001', 'G002', '0.2277'),
(3782, 181, 'F001', 'K002', 'G006', '0.1254'),
(3783, 181, 'F002', 'K003', 'G010', '0.165'),
(3784, 181, 'F003', 'K004', 'G014', '0.1914'),
(3785, 181, 'F002', 'K005', 'G018', '0.1122'),
(3786, 181, 'F002', 'K006', 'G022', '0.1518'),
(3787, 181, 'F002', 'K007', 'G026', '0.2145'),
(3788, 181, 'F002', 'K008', 'G030', '0.1881'),
(3789, 181, 'F002', 'K009', 'G034', '0.264'),
(3790, 181, 'F001', 'K010', 'G038', '0.1419'),
(3791, 181, 'F001', 'K011', 'G042', '0.198'),
(3792, 181, 'F003', 'K012', 'G046', '0.198'),
(3793, 181, 'F002', 'K013', 'G050', '0.1881'),
(3794, 181, 'F002', 'K014', 'G054', '0.2541'),
(3795, 181, 'F003', 'K015', 'G058', '0.165'),
(3796, 181, 'F003', 'K016', 'G062', '0.1881'),
(3797, 181, 'F001', 'K017', 'G066', '0.1551'),
(3798, 181, 'F003', 'K018', 'G070', '0.1452'),
(3799, 181, 'F002', 'K019', 'G074', '0.1914'),
(3800, 181, 'F003', 'K020', 'G078', '0.1485'),
(3801, 181, 'F003', 'K021', 'G082', '0.0858'),
(3802, 182, 'F001', 'K001', 'G002', '0.2277'),
(3803, 182, 'F001', 'K002', 'G006', '0.1254'),
(3804, 182, 'F002', 'K003', 'G010', '0.165'),
(3805, 182, 'F003', 'K004', 'G014', '0.1914'),
(3806, 182, 'F002', 'K005', 'G018', '0.1122'),
(3807, 182, 'F002', 'K006', 'G022', '0.1518'),
(3808, 182, 'F002', 'K007', 'G026', '0.2145'),
(3809, 182, 'F002', 'K008', 'G030', '0.1881'),
(3810, 182, 'F002', 'K009', 'G034', '0.264'),
(3811, 182, 'F001', 'K010', 'G038', '0.1419'),
(3812, 182, 'F001', 'K011', 'G042', '0.198'),
(3813, 182, 'F003', 'K012', 'G046', '0.198'),
(3814, 182, 'F002', 'K013', 'G050', '0.1881'),
(3815, 182, 'F002', 'K014', 'G054', '0.2541'),
(3816, 182, 'F003', 'K015', 'G058', '0.165'),
(3817, 182, 'F003', 'K016', 'G062', '0.1881'),
(3818, 182, 'F001', 'K017', 'G066', '0.1551'),
(3819, 182, 'F003', 'K018', 'G070', '0.1452'),
(3820, 182, 'F002', 'K019', 'G074', '0.1914'),
(3821, 182, 'F003', 'K020', 'G078', '0.1485'),
(3822, 182, 'F003', 'K021', 'G082', '0.0858'),
(3823, 183, 'F001', 'K001', 'G002', '0.2277'),
(3824, 183, 'F001', 'K002', 'G006', '0.1254'),
(3825, 183, 'F002', 'K003', 'G010', '0.165'),
(3826, 183, 'F003', 'K004', 'G014', '0.1914'),
(3827, 183, 'F002', 'K005', 'G018', '0.1122'),
(3828, 183, 'F002', 'K006', 'G022', '0.1518'),
(3829, 183, 'F002', 'K007', 'G026', '0.2145'),
(3830, 183, 'F002', 'K008', 'G030', '0.1881'),
(3831, 183, 'F002', 'K009', 'G034', '0.264'),
(3832, 183, 'F001', 'K010', 'G038', '0.1419'),
(3833, 183, 'F001', 'K011', 'G042', '0.198'),
(3834, 183, 'F003', 'K012', 'G046', '0.198'),
(3835, 183, 'F002', 'K013', 'G050', '0.1881'),
(3836, 183, 'F002', 'K014', 'G054', '0.2541'),
(3837, 183, 'F003', 'K015', 'G058', '0.165'),
(3838, 183, 'F003', 'K016', 'G062', '0.1881'),
(3839, 183, 'F001', 'K017', 'G066', '0.1551'),
(3840, 183, 'F003', 'K018', 'G070', '0.1452'),
(3841, 183, 'F002', 'K019', 'G074', '0.1914'),
(3842, 183, 'F003', 'K020', 'G078', '0.1485'),
(3843, 183, 'F003', 'K021', 'G082', '0.0858'),
(3844, 184, 'F001', 'K001', 'G002', '0.2277'),
(3845, 184, 'F001', 'K002', 'G006', '0.1254'),
(3846, 184, 'F002', 'K003', 'G010', '0.165'),
(3847, 184, 'F003', 'K004', 'G014', '0.1914'),
(3848, 184, 'F002', 'K005', 'G018', '0.1122'),
(3849, 184, 'F002', 'K006', 'G022', '0.1518'),
(3850, 184, 'F002', 'K007', 'G026', '0.2145'),
(3851, 184, 'F002', 'K008', 'G030', '0.1881'),
(3852, 184, 'F002', 'K009', 'G034', '0.264'),
(3853, 184, 'F001', 'K010', 'G038', '0.1419'),
(3854, 184, 'F001', 'K011', 'G042', '0.198'),
(3855, 184, 'F003', 'K012', 'G046', '0.198'),
(3856, 184, 'F002', 'K013', 'G050', '0.1881'),
(3857, 184, 'F002', 'K014', 'G054', '0.2541'),
(3858, 184, 'F003', 'K015', 'G058', '0.165'),
(3859, 184, 'F003', 'K016', 'G062', '0.1881'),
(3860, 184, 'F001', 'K017', 'G066', '0.1551'),
(3861, 184, 'F003', 'K018', 'G070', '0.1452'),
(3862, 184, 'F002', 'K019', 'G074', '0.1914'),
(3863, 184, 'F003', 'K020', 'G078', '0.1485'),
(3864, 184, 'F003', 'K021', 'G082', '0.0858'),
(3865, 185, 'F001', 'K001', 'G002', '0.2277'),
(3866, 185, 'F001', 'K002', 'G006', '0.1254'),
(3867, 185, 'F002', 'K003', 'G010', '0.165'),
(3868, 185, 'F003', 'K004', 'G014', '0.1914'),
(3869, 185, 'F002', 'K005', 'G018', '0.1122'),
(3870, 185, 'F002', 'K006', 'G022', '0.1518'),
(3871, 185, 'F002', 'K007', 'G026', '0.2145'),
(3872, 185, 'F002', 'K008', 'G030', '0.1881'),
(3873, 185, 'F002', 'K009', 'G034', '0.264'),
(3874, 185, 'F001', 'K010', 'G038', '0.1419'),
(3875, 185, 'F001', 'K011', 'G042', '0.198'),
(3876, 185, 'F003', 'K012', 'G046', '0.198'),
(3877, 185, 'F002', 'K013', 'G050', '0.1881'),
(3878, 185, 'F002', 'K014', 'G054', '0.2541'),
(3879, 185, 'F003', 'K015', 'G058', '0.165'),
(3880, 185, 'F003', 'K016', 'G062', '0.1881'),
(3881, 185, 'F001', 'K017', 'G066', '0.1551'),
(3882, 185, 'F003', 'K018', 'G070', '0.1452'),
(3883, 185, 'F002', 'K019', 'G074', '0.1914'),
(3884, 185, 'F003', 'K020', 'G078', '0.1485'),
(3885, 185, 'F003', 'K021', 'G082', '0.0858'),
(3886, 186, 'F001', 'K001', 'G002', '0.2277'),
(3887, 186, 'F001', 'K002', 'G006', '0.1254'),
(3888, 186, 'F002', 'K003', 'G010', '0.165'),
(3889, 186, 'F003', 'K004', 'G014', '0.1914'),
(3890, 186, 'F002', 'K005', 'G018', '0.1122'),
(3891, 186, 'F002', 'K006', 'G022', '0.1518'),
(3892, 186, 'F002', 'K007', 'G026', '0.2145'),
(3893, 186, 'F002', 'K008', 'G030', '0.1881'),
(3894, 186, 'F002', 'K009', 'G034', '0.264'),
(3895, 186, 'F001', 'K010', 'G038', '0.1419'),
(3896, 186, 'F001', 'K011', 'G042', '0.198'),
(3897, 186, 'F003', 'K012', 'G046', '0.198'),
(3898, 186, 'F002', 'K013', 'G050', '0.1881'),
(3899, 186, 'F002', 'K014', 'G054', '0.2541'),
(3900, 186, 'F003', 'K015', 'G058', '0.165'),
(3901, 186, 'F003', 'K016', 'G062', '0.1881'),
(3902, 186, 'F001', 'K017', 'G066', '0.1551'),
(3903, 186, 'F003', 'K018', 'G070', '0.1452'),
(3904, 186, 'F002', 'K019', 'G074', '0.1914'),
(3905, 186, 'F003', 'K020', 'G078', '0.1485'),
(3906, 186, 'F003', 'K021', 'G082', '0.0858'),
(3907, 187, 'F001', 'K001', 'G002', '0.2277'),
(3908, 187, 'F001', 'K002', 'G006', '0.1254'),
(3909, 187, 'F002', 'K003', 'G010', '0.165'),
(3910, 187, 'F003', 'K004', 'G014', '0.1914'),
(3911, 187, 'F002', 'K005', 'G018', '0.1122'),
(3912, 187, 'F002', 'K006', 'G022', '0.1518'),
(3913, 187, 'F002', 'K007', 'G026', '0.2145'),
(3914, 187, 'F002', 'K008', 'G030', '0.1881'),
(3915, 187, 'F002', 'K009', 'G034', '0.264'),
(3916, 187, 'F001', 'K010', 'G038', '0.1419'),
(3917, 187, 'F001', 'K011', 'G042', '0.198'),
(3918, 187, 'F003', 'K012', 'G046', '0.198'),
(3919, 187, 'F002', 'K013', 'G050', '0.1881'),
(3920, 187, 'F002', 'K014', 'G054', '0.2541'),
(3921, 187, 'F003', 'K015', 'G058', '0.165'),
(3922, 187, 'F003', 'K016', 'G062', '0.1881'),
(3923, 187, 'F001', 'K017', 'G066', '0.1551'),
(3924, 187, 'F003', 'K018', 'G070', '0.1452'),
(3925, 187, 'F002', 'K019', 'G074', '0.1914'),
(3926, 187, 'F003', 'K020', 'G078', '0.1485'),
(3927, 187, 'F003', 'K021', 'G082', '0.0858'),
(3928, 188, 'F001', 'K001', 'G002', '0.2277'),
(3929, 188, 'F001', 'K002', 'G006', '0.1254'),
(3930, 188, 'F002', 'K003', 'G010', '0.165'),
(3931, 188, 'F003', 'K004', 'G014', '0.1914'),
(3932, 188, 'F002', 'K005', 'G018', '0.1122'),
(3933, 188, 'F002', 'K006', 'G022', '0.1518'),
(3934, 188, 'F002', 'K007', 'G026', '0.2145'),
(3935, 188, 'F002', 'K008', 'G030', '0.1881'),
(3936, 188, 'F002', 'K009', 'G034', '0.264'),
(3937, 188, 'F001', 'K010', 'G038', '0.1419'),
(3938, 188, 'F001', 'K011', 'G042', '0.198'),
(3939, 188, 'F003', 'K012', 'G046', '0.198'),
(3940, 188, 'F002', 'K013', 'G050', '0.1881'),
(3941, 188, 'F002', 'K014', 'G054', '0.2541'),
(3942, 188, 'F003', 'K015', 'G058', '0.165'),
(3943, 188, 'F003', 'K016', 'G062', '0.1881'),
(3944, 188, 'F001', 'K017', 'G066', '0.1551'),
(3945, 188, 'F003', 'K018', 'G070', '0.1452'),
(3946, 188, 'F002', 'K019', 'G074', '0.1914'),
(3947, 188, 'F003', 'K020', 'G078', '0.1485'),
(3948, 188, 'F003', 'K021', 'G082', '0.0858'),
(3949, 189, 'F001', 'K001', 'G002', '0.2277'),
(3950, 189, 'F001', 'K002', 'G006', '0.1254'),
(3951, 189, 'F002', 'K003', 'G010', '0.165'),
(3952, 189, 'F003', 'K004', 'G014', '0.1914'),
(3953, 189, 'F002', 'K005', 'G018', '0.1122'),
(3954, 189, 'F002', 'K006', 'G022', '0.1518'),
(3955, 189, 'F002', 'K007', 'G026', '0.2145'),
(3956, 189, 'F002', 'K008', 'G030', '0.1881'),
(3957, 189, 'F002', 'K009', 'G034', '0.264'),
(3958, 189, 'F001', 'K010', 'G038', '0.1419'),
(3959, 189, 'F001', 'K011', 'G042', '0.198'),
(3960, 189, 'F003', 'K012', 'G046', '0.198'),
(3961, 189, 'F002', 'K013', 'G050', '0.1881'),
(3962, 189, 'F002', 'K014', 'G054', '0.2541'),
(3963, 189, 'F003', 'K015', 'G058', '0.165'),
(3964, 189, 'F003', 'K016', 'G062', '0.1881'),
(3965, 189, 'F001', 'K017', 'G066', '0.1551'),
(3966, 189, 'F003', 'K018', 'G070', '0.1452'),
(3967, 189, 'F002', 'K019', 'G074', '0.1914'),
(3968, 189, 'F003', 'K020', 'G078', '0.1485'),
(3969, 189, 'F003', 'K021', 'G082', '0.0858'),
(3970, 190, 'F001', 'K001', 'G002', '0.2277'),
(3971, 190, 'F001', 'K002', 'G006', '0.1254'),
(3972, 190, 'F002', 'K003', 'G010', '0.165'),
(3973, 190, 'F003', 'K004', 'G014', '0.1914'),
(3974, 190, 'F002', 'K005', 'G018', '0.1122'),
(3975, 190, 'F002', 'K006', 'G022', '0.1518'),
(3976, 190, 'F002', 'K007', 'G026', '0.2145'),
(3977, 190, 'F002', 'K008', 'G030', '0.1881'),
(3978, 190, 'F002', 'K009', 'G034', '0.264'),
(3979, 190, 'F001', 'K010', 'G038', '0.1419'),
(3980, 190, 'F001', 'K011', 'G042', '0.198'),
(3981, 190, 'F003', 'K012', 'G046', '0.198'),
(3982, 190, 'F002', 'K013', 'G050', '0.1881'),
(3983, 190, 'F002', 'K014', 'G054', '0.2541'),
(3984, 190, 'F003', 'K015', 'G058', '0.165'),
(3985, 190, 'F003', 'K016', 'G062', '0.1881'),
(3986, 190, 'F001', 'K017', 'G066', '0.1551'),
(3987, 190, 'F003', 'K018', 'G070', '0.1452'),
(3988, 190, 'F002', 'K019', 'G074', '0.1914'),
(3989, 190, 'F003', 'K020', 'G078', '0.1485'),
(3990, 190, 'F003', 'K021', 'G082', '0.0858'),
(3991, 191, 'F001', 'K001', 'G002', '0.2277'),
(3992, 191, 'F001', 'K002', 'G006', '0.1254'),
(3993, 191, 'F002', 'K003', 'G010', '0.165'),
(3994, 191, 'F003', 'K004', 'G014', '0.1914'),
(3995, 191, 'F002', 'K005', 'G018', '0.1122'),
(3996, 191, 'F002', 'K006', 'G022', '0.1518'),
(3997, 191, 'F002', 'K007', 'G026', '0.2145'),
(3998, 191, 'F002', 'K008', 'G030', '0.1881'),
(3999, 191, 'F002', 'K009', 'G034', '0.264'),
(4000, 191, 'F001', 'K010', 'G038', '0.1419'),
(4001, 191, 'F001', 'K011', 'G042', '0.198'),
(4002, 191, 'F003', 'K012', 'G046', '0.198'),
(4003, 191, 'F002', 'K013', 'G050', '0.1881'),
(4004, 191, 'F002', 'K014', 'G054', '0.2541'),
(4005, 191, 'F003', 'K015', 'G058', '0.165'),
(4006, 191, 'F003', 'K016', 'G062', '0.1881'),
(4007, 191, 'F001', 'K017', 'G066', '0.1551'),
(4008, 191, 'F003', 'K018', 'G070', '0.1452'),
(4009, 191, 'F002', 'K019', 'G074', '0.1914'),
(4010, 191, 'F003', 'K020', 'G078', '0.1485'),
(4011, 191, 'F003', 'K021', 'G082', '0.0858'),
(4012, 192, 'F001', 'K001', 'G002', '0.2277'),
(4013, 192, 'F001', 'K002', 'G006', '0.1254'),
(4014, 192, 'F002', 'K003', 'G010', '0.165'),
(4015, 192, 'F003', 'K004', 'G014', '0.1914'),
(4016, 192, 'F002', 'K005', 'G018', '0.1122'),
(4017, 192, 'F002', 'K006', 'G022', '0.1518'),
(4018, 192, 'F002', 'K007', 'G026', '0.2145'),
(4019, 192, 'F002', 'K008', 'G030', '0.1881'),
(4020, 192, 'F002', 'K009', 'G034', '0.264'),
(4021, 192, 'F001', 'K010', 'G038', '0.1419'),
(4022, 192, 'F001', 'K011', 'G042', '0.198'),
(4023, 192, 'F003', 'K012', 'G046', '0.198'),
(4024, 192, 'F002', 'K013', 'G050', '0.1881'),
(4025, 192, 'F002', 'K014', 'G054', '0.2541'),
(4026, 192, 'F003', 'K015', 'G058', '0.165'),
(4027, 192, 'F003', 'K016', 'G062', '0.1881'),
(4028, 192, 'F001', 'K017', 'G066', '0.1551'),
(4029, 192, 'F003', 'K018', 'G070', '0.1452'),
(4030, 192, 'F002', 'K019', 'G074', '0.1914'),
(4031, 192, 'F003', 'K020', 'G078', '0.1485'),
(4032, 192, 'F003', 'K021', 'G082', '0.0858'),
(4033, 193, 'F001', 'K001', 'G002', '0.2277'),
(4034, 193, 'F001', 'K002', 'G006', '0.1254'),
(4035, 193, 'F002', 'K003', 'G010', '0.165'),
(4036, 193, 'F003', 'K004', 'G014', '0.1914'),
(4037, 193, 'F002', 'K005', 'G018', '0.1122'),
(4038, 193, 'F002', 'K006', 'G022', '0.1518'),
(4039, 193, 'F002', 'K007', 'G026', '0.2145'),
(4040, 193, 'F002', 'K008', 'G030', '0.1881'),
(4041, 193, 'F002', 'K009', 'G034', '0.264'),
(4042, 193, 'F001', 'K010', 'G038', '0.1419'),
(4043, 193, 'F001', 'K011', 'G042', '0.198'),
(4044, 193, 'F003', 'K012', 'G046', '0.198'),
(4045, 193, 'F002', 'K013', 'G050', '0.1881'),
(4046, 193, 'F002', 'K014', 'G054', '0.2541'),
(4047, 193, 'F003', 'K015', 'G058', '0.165'),
(4048, 193, 'F003', 'K016', 'G062', '0.1881'),
(4049, 193, 'F001', 'K017', 'G066', '0.1551'),
(4050, 193, 'F003', 'K018', 'G070', '0.1452'),
(4051, 193, 'F002', 'K019', 'G074', '0.1914'),
(4052, 193, 'F003', 'K020', 'G078', '0.1485'),
(4053, 193, 'F003', 'K021', 'G082', '0.0858'),
(4054, 194, 'F001', 'K001', 'G002', '0.2277'),
(4055, 194, 'F001', 'K002', 'G006', '0.1254'),
(4056, 194, 'F002', 'K003', 'G010', '0.165'),
(4057, 194, 'F003', 'K004', 'G014', '0.1914'),
(4058, 194, 'F002', 'K005', 'G018', '0.1122'),
(4059, 194, 'F002', 'K006', 'G022', '0.1518'),
(4060, 194, 'F002', 'K007', 'G026', '0.2145'),
(4061, 194, 'F002', 'K008', 'G030', '0.1881'),
(4062, 194, 'F002', 'K009', 'G034', '0.264'),
(4063, 194, 'F001', 'K010', 'G038', '0.1419'),
(4064, 194, 'F001', 'K011', 'G042', '0.198'),
(4065, 194, 'F003', 'K012', 'G046', '0.198'),
(4066, 194, 'F002', 'K013', 'G050', '0.1881'),
(4067, 194, 'F002', 'K014', 'G054', '0.2541'),
(4068, 194, 'F003', 'K015', 'G058', '0.165'),
(4069, 194, 'F003', 'K016', 'G062', '0.1881'),
(4070, 194, 'F001', 'K017', 'G066', '0.1551'),
(4071, 194, 'F003', 'K018', 'G070', '0.1452'),
(4072, 194, 'F002', 'K019', 'G074', '0.1914'),
(4073, 194, 'F003', 'K020', 'G078', '0.1485'),
(4074, 194, 'F003', 'K021', 'G082', '0.0858'),
(4075, 195, 'F001', 'K001', 'G002', '0.2277'),
(4076, 195, 'F001', 'K002', 'G006', '0.1254'),
(4077, 195, 'F002', 'K003', 'G010', '0.165'),
(4078, 195, 'F003', 'K004', 'G014', '0.1914'),
(4079, 195, 'F002', 'K005', 'G018', '0.1122'),
(4080, 195, 'F002', 'K006', 'G022', '0.1518'),
(4081, 195, 'F002', 'K007', 'G026', '0.2145'),
(4082, 195, 'F002', 'K008', 'G030', '0.1881'),
(4083, 195, 'F002', 'K009', 'G034', '0.264'),
(4084, 195, 'F001', 'K010', 'G038', '0.1419'),
(4085, 195, 'F001', 'K011', 'G042', '0.198'),
(4086, 195, 'F003', 'K012', 'G046', '0.198'),
(4087, 195, 'F002', 'K013', 'G050', '0.1881'),
(4088, 195, 'F002', 'K014', 'G054', '0.2541'),
(4089, 195, 'F003', 'K015', 'G058', '0.165'),
(4090, 195, 'F003', 'K016', 'G062', '0.1881'),
(4091, 195, 'F001', 'K017', 'G066', '0.1551'),
(4092, 195, 'F003', 'K018', 'G070', '0.1452'),
(4093, 195, 'F002', 'K019', 'G074', '0.1914'),
(4094, 195, 'F003', 'K020', 'G078', '0.1485'),
(4095, 195, 'F003', 'K021', 'G082', '0.0858'),
(4096, 196, 'F001', 'K001', 'G001', '0'),
(4097, 196, 'F001', 'K002', 'G006', '0.1254'),
(4098, 196, 'F002', 'K003', 'G011', '0.33'),
(4099, 196, 'F003', 'K004', 'G016', '0.58'),
(4100, 196, 'F002', 'K005', 'G018', '0.1122'),
(4101, 196, 'F002', 'K006', 'G022', '0.1518'),
(4102, 196, 'F002', 'K007', 'G027', '0.429'),
(4103, 196, 'F002', 'K008', 'G032', '0.57'),
(4104, 196, 'F002', 'K009', 'G034', '0.264'),
(4105, 196, 'F001', 'K010', 'G038', '0.1419'),
(4106, 196, 'F001', 'K011', 'G043', '0.396'),
(4107, 196, 'F003', 'K012', 'G046', '0.198'),
(4108, 196, 'F002', 'K013', 'G052', '0.57'),
(4109, 196, 'F002', 'K014', 'G054', '0.2541'),
(4110, 196, 'F003', 'K015', 'G059', '0.33'),
(4111, 196, 'F003', 'K016', 'G064', '0.57'),
(4112, 196, 'F001', 'K017', 'G068', '0.47'),
(4113, 196, 'F003', 'K018', 'G070', '0.1452'),
(4114, 196, 'F002', 'K019', 'G076', '0.58'),
(4115, 196, 'F003', 'K020', 'G078', '0.1485'),
(4116, 196, 'F003', 'K021', 'G083', '0.1716'),
(4117, 197, 'F001', 'K001', 'G001', '0'),
(4118, 197, 'F001', 'K002', 'G005', '0'),
(4119, 197, 'F002', 'K003', NULL, '0'),
(4120, 197, 'F003', 'K004', NULL, '0'),
(4121, 197, 'F002', 'K005', NULL, '0'),
(4122, 197, 'F002', 'K006', NULL, '0'),
(4123, 197, 'F002', 'K007', NULL, '0'),
(4124, 197, 'F002', 'K008', NULL, '0'),
(4125, 197, 'F002', 'K009', NULL, '0'),
(4126, 197, 'F001', 'K010', NULL, '0'),
(4127, 197, 'F001', 'K011', NULL, '0'),
(4128, 197, 'F003', 'K012', NULL, '0'),
(4129, 197, 'F002', 'K013', NULL, '0'),
(4130, 197, 'F002', 'K014', NULL, '0'),
(4131, 197, 'F003', 'K015', NULL, '0'),
(4132, 197, 'F003', 'K016', NULL, '0'),
(4133, 197, 'F001', 'K017', NULL, '0'),
(4134, 197, 'F003', 'K018', NULL, '0'),
(4135, 197, 'F002', 'K019', NULL, '0'),
(4136, 197, 'F003', 'K020', NULL, '0'),
(4137, 197, 'F003', 'K021', NULL, '0');

-- --------------------------------------------------------

--
-- Table structure for table `tb_diagnosa`
--

CREATE TABLE `tb_diagnosa` (
  `id_diagnosa` int(11) NOT NULL,
  `id_pemeriksaan` int(11) NOT NULL,
  `total_akhir` varchar(10) NOT NULL,
  `id_klass_dep` int(11) NOT NULL,
  `user_id` int(11) NOT NULL
) ENGINE=InnoDB DEFAULT CHARSET=latin1;

--
-- Dumping data for table `tb_diagnosa`
--

INSERT INTO `tb_diagnosa` (`id_diagnosa`, `id_pemeriksaan`, `total_akhir`, `id_klass_dep`, `user_id`) VALUES
(1, 1, '6.88395348', 1, 1),
(2, 2, '6.88395348', 1, 1),
(3, 3, '5.33755813', 1, 1),
(4, 13, '5.17699115', 1, 1),
(5, 43, '6.07433628', 1, 1),
(6, 44, '27.0158106', 3, 1),
(7, 45, '27.0158106', 3, 1),
(8, 46, '27.0158106', 3, 1),
(9, 47, '27.0158106', 3, 1),
(10, 48, '60.0783720', 4, 1),
(11, 51, '60.0783720', 4, 1),
(12, 52, '43.8334883', 4, 1),
(13, 53, '43.8334883', 4, 1),
(14, 54, '43.8334883', 4, 1),
(15, 55, '43.8334883', 4, 1),
(16, 56, '43.8334883', 4, 1),
(17, 57, '43.8334883', 4, 1),
(18, 58, '43.8334883', 4, 1),
(19, 59, '43.8334883', 4, 1),
(20, 60, '43.8334883', 4, 1),
(21, 61, '43.8334883', 4, 1),
(22, 62, '43.8334883', 4, 1),
(23, 63, '43.8334883', 4, 1),
(24, 64, '43.8334883', 4, 1),
(25, 65, '43.8334883', 4, 1),
(26, 66, '43.8334883', 4, 1),
(27, 67, '43.8334883', 4, 1),
(28, 68, '43.8334883', 4, 1),
(29, 69, '43.8334883', 4, 1),
(30, 70, '43.8334883', 4, 1),
(31, 71, '43.8334883', 4, 1),
(32, 72, '43.8334883', 4, 1),
(33, 73, '43.8334883', 4, 1),
(34, 74, '43.8334883', 4, 1),
(35, 75, '43.8334883', 4, 1),
(36, 76, '43.8334883', 4, 1),
(37, 77, '0', 1, 1),
(38, 78, '6.40796460', 1, 1),
(39, 79, '5.33755813', 1, 2),
(40, 81, '6.10405714', 1, 2),
(41, 98, '0', 1, 2),
(42, 99, '46.9409302', 4, 1),
(43, 100, '46.9409302', 4, 2),
(44, 101, '0', 1, 2),
(45, 102, '12.9079646', 1, 2),
(46, 103, '29', 4, 2),
(47, 104, '0', 1, 2),
(48, 105, '12.9079646', 1, 2),
(49, 109, '0', 1, 2),
(50, 110, '0', 1, 1),
(51, 111, '0', 1, 1),
(52, 113, '0', 1, 1),
(53, 115, '0', 1, 1),
(54, 118, '0', 1, 1),
(55, 121, '0', 1, 1),
(56, 122, '0', 1, 1),
(57, 123, '0', 1, 1),
(58, 124, '0', 1, 1),
(59, 125, '0', 1, 1),
(60, 126, '0', 1, 1),
(61, 127, '0', 1, 1),
(62, 128, '0', 1, 1),
(63, 129, '18.9197674', 2, 1),
(64, 130, '18.9197674', 2, 1),
(65, 131, '18.9197674', 2, 1),
(66, 152, '29', 4, 1),
(67, 153, '29', 4, 1),
(68, 154, '29', 4, 1),
(69, 155, '29', 4, 1),
(70, 156, '0', 1, 1),
(71, 187, '13.6641592', 2, 1),
(72, 188, '13.6641592', 2, 1),
(73, 189, '13.6641592', 2, 1),
(74, 190, '13.6641592', 2, 1),
(75, 191, '13.6641592', 2, 1),
(76, 192, '13.6641592', 2, 1),
(77, 193, '13.6641592', 2, 1),
(78, 194, '13.6641592', 2, 1),
(79, 195, '13.6641592', 2, 1),
(80, 196, '18.3272566', 2, 1),
(81, 197, '0', 1, 1);

-- --------------------------------------------------------

--
-- Table structure for table `tb_faktor`
--

CREATE TABLE `tb_faktor` (
  `id_faktor` varchar(5) NOT NULL,
  `faktor` varchar(20) NOT NULL,
  `flag` int(1) DEFAULT '0' COMMENT '0=non aktif 1=aktif'
) ENGINE=InnoDB DEFAULT CHARSET=latin1;

--
-- Dumping data for table `tb_faktor`
--

INSERT INTO `tb_faktor` (`id_faktor`, `faktor`, `flag`) VALUES
('F001', 'Afektif', 0),
('F002', 'Kognitif', 1),
('F003', 'Somatik', 1);

-- --------------------------------------------------------

--
-- Table structure for table `tb_faktor_pemeriksaan`
--

CREATE TABLE `tb_faktor_pemeriksaan` (
  `id_faktor_pemeriksaan` int(11) NOT NULL,
  `id_pemeriksaan` int(11) NOT NULL,
  `id_faktor` varchar(5) NOT NULL,
  `total` varchar(20) NOT NULL
) ENGINE=InnoDB DEFAULT CHARSET=latin1;

--
-- Dumping data for table `tb_faktor_pemeriksaan`
--

INSERT INTO `tb_faktor_pemeriksaan` (`id_faktor_pemeriksaan`, `id_pemeriksaan`, `id_faktor`, `total`) VALUES
(1, 1, 'F001', '0.4554'),
(2, 1, 'F002', '0'),
(3, 1, 'F003', '0.5544'),
(4, 2, 'F001', '1.5408'),
(5, 2, 'F002', '1.3841'),
(6, 2, 'F003', '0.528'),
(7, 3, 'F001', '0.3531'),
(8, 3, 'F002', '0'),
(9, 3, 'F003', '0'),
(10, 4, 'F001', '0.3531'),
(11, 4, 'F002', '0.6880999999999999'),
(12, 4, 'F003', '0.58'),
(13, 5, 'F001', '0.3531'),
(14, 5, 'F002', '0.6880999999999999'),
(15, 5, 'F003', '0.58'),
(16, 6, 'F001', '0.3531'),
(17, 6, 'F002', '0.6880999999999999'),
(18, 6, 'F003', '0.58'),
(19, 7, 'F001', '0'),
(20, 7, 'F002', '0'),
(21, 7, 'F003', '0.45'),
(22, 8, 'F001', '0'),
(23, 8, 'F002', '0'),
(24, 8, 'F003', '0.45'),
(25, 9, 'F001', '0'),
(26, 9, 'F002', '0'),
(27, 9, 'F003', '0.45'),
(28, 10, 'F001', '0'),
(29, 10, 'F002', '0'),
(30, 10, 'F003', '0.45'),
(31, 11, 'F001', '0'),
(32, 11, 'F002', '0'),
(33, 11, 'F003', '0.45'),
(34, 12, 'F001', '0'),
(35, 12, 'F002', '0'),
(36, 12, 'F003', '0.45'),
(37, 13, 'F001', '0'),
(38, 13, 'F002', '0'),
(39, 13, 'F003', '0.45'),
(40, 14, 'F001', '0.495'),
(41, 14, 'F002', '1.7738'),
(42, 14, 'F003', '1.5312'),
(43, 15, 'F001', '0.495'),
(44, 15, 'F002', '1.7738'),
(45, 15, 'F003', '1.5312'),
(46, 16, 'F001', '0.495'),
(47, 16, 'F002', '1.7738'),
(48, 16, 'F003', '1.5312'),
(49, 17, 'F001', '0.495'),
(50, 17, 'F002', '1.7738'),
(51, 17, 'F003', '1.5312'),
(52, 18, 'F001', '0.495'),
(53, 18, 'F002', '1.7738'),
(54, 18, 'F003', '1.5312'),
(55, 19, 'F001', '0.495'),
(56, 19, 'F002', '1.7738'),
(57, 19, 'F003', '1.5312'),
(58, 20, 'F001', '0.495'),
(59, 20, 'F002', '1.7738'),
(60, 20, 'F003', '1.5312'),
(61, 21, 'F001', '0.495'),
(62, 21, 'F002', '1.7738'),
(63, 21, 'F003', '1.5312'),
(64, 22, 'F001', '0.495'),
(65, 22, 'F002', '1.7738'),
(66, 22, 'F003', '1.5312'),
(67, 23, 'F001', '0.495'),
(68, 23, 'F002', '1.7738'),
(69, 23, 'F003', '1.5312'),
(70, 24, 'F001', '0.495'),
(71, 24, 'F002', '1.7738'),
(72, 24, 'F003', '1.5312'),
(73, 25, 'F001', '0.495'),
(74, 25, 'F002', '1.7738'),
(75, 25, 'F003', '1.5312'),
(76, 26, 'F001', '0.495'),
(77, 26, 'F002', '1.7738'),
(78, 26, 'F003', '1.5312'),
(79, 27, 'F001', '0.495'),
(80, 27, 'F002', '1.7738'),
(81, 27, 'F003', '1.5312'),
(82, 28, 'F001', '0.495'),
(83, 28, 'F002', '1.7738'),
(84, 28, 'F003', '1.5312'),
(85, 29, 'F001', '0.495'),
(86, 29, 'F002', '1.7738'),
(87, 29, 'F003', '1.5312'),
(88, 30, 'F001', '0.495'),
(89, 30, 'F002', '1.7738'),
(90, 30, 'F003', '1.5312'),
(91, 31, 'F001', '0.495'),
(92, 31, 'F002', '1.7738'),
(93, 31, 'F003', '1.5312'),
(94, 32, 'F001', '0.495'),
(95, 32, 'F002', '1.7738'),
(96, 32, 'F003', '1.5312'),
(97, 33, 'F001', '0.495'),
(98, 33, 'F002', '1.7738'),
(99, 33, 'F003', '1.5312'),
(100, 34, 'F001', '0.495'),
(101, 34, 'F002', '1.7738'),
(102, 34, 'F003', '1.5312'),
(103, 35, 'F001', '0.495'),
(104, 35, 'F002', '1.7738'),
(105, 35, 'F003', '1.5312'),
(106, 36, 'F001', '0.495'),
(107, 36, 'F002', '1.7738'),
(108, 36, 'F003', '1.5312'),
(109, 37, 'F001', '0.495'),
(110, 37, 'F002', '1.7738'),
(111, 37, 'F003', '1.5312'),
(112, 38, 'F001', '0.495'),
(113, 38, 'F002', '1.7738'),
(114, 38, 'F003', '1.5312'),
(115, 39, 'F001', '0.495'),
(116, 39, 'F002', '1.7738'),
(117, 39, 'F003', '1.5312'),
(118, 40, 'F001', '0.495'),
(119, 40, 'F002', '1.7738'),
(120, 40, 'F003', '1.5312'),
(121, 41, 'F001', '0.495'),
(122, 41, 'F002', '1.7738'),
(123, 41, 'F003', '1.5312'),
(124, 42, 'F001', '0.495'),
(125, 42, 'F002', '1.7738'),
(126, 42, 'F003', '1.5312'),
(127, 43, 'F001', '0'),
(128, 43, 'F002', '0.1914'),
(129, 43, 'F003', '0.528'),
(130, 44, 'F001', '1.3639'),
(131, 44, 'F002', '2.9471000000000003'),
(132, 44, 'F003', '1.8327'),
(133, 45, 'F001', '1.3639'),
(134, 45, 'F002', '2.9471000000000003'),
(135, 45, 'F003', '1.8327'),
(136, 46, 'F001', '1.3639'),
(137, 46, 'F002', '2.9471000000000003'),
(138, 46, 'F003', '1.8327'),
(139, 47, 'F001', '1.3639'),
(140, 47, 'F002', '2.9471000000000003'),
(141, 47, 'F003', '1.8327'),
(142, 48, 'F001', '1.3639'),
(143, 48, 'F002', '2.9471000000000003'),
(144, 48, 'F003', '1.8327'),
(145, 49, 'F001', '1.3639'),
(146, 49, 'F002', '2.9471000000000003'),
(147, 49, 'F003', '1.8327'),
(148, 50, 'F001', '1.3639'),
(149, 50, 'F002', '2.9471000000000003'),
(150, 50, 'F003', '1.8327'),
(151, 51, 'F001', '1.3639'),
(152, 51, 'F002', '2.9471000000000003'),
(153, 51, 'F003', '1.8327'),
(154, 52, 'F001', '1.7748'),
(155, 52, 'F002', '3.6584000000000003'),
(156, 52, 'F003', '2.7574'),
(157, 53, 'F001', '1.7748'),
(158, 53, 'F002', '3.6584000000000003'),
(159, 53, 'F003', '2.7574'),
(160, 54, 'F001', '1.7748'),
(161, 54, 'F002', '3.6584000000000003'),
(162, 54, 'F003', '2.7574'),
(163, 55, 'F001', '1.7748'),
(164, 55, 'F002', '3.6584000000000003'),
(165, 55, 'F003', '2.7574'),
(166, 56, 'F001', '1.7748'),
(167, 56, 'F002', '3.6584000000000003'),
(168, 56, 'F003', '2.7574'),
(169, 57, 'F001', '1.7748'),
(170, 57, 'F002', '3.6584000000000003'),
(171, 57, 'F003', '2.7574'),
(172, 58, 'F001', '1.7748'),
(173, 58, 'F002', '3.6584000000000003'),
(174, 58, 'F003', '2.7574'),
(175, 59, 'F001', '1.7748'),
(176, 59, 'F002', '3.6584000000000003'),
(177, 59, 'F003', '2.7574'),
(178, 60, 'F001', '1.7748'),
(179, 60, 'F002', '3.6584000000000003'),
(180, 60, 'F003', '2.7574'),
(181, 61, 'F001', '1.7748'),
(182, 61, 'F002', '3.6584000000000003'),
(183, 61, 'F003', '2.7574'),
(184, 62, 'F001', '1.7748'),
(185, 62, 'F002', '3.6584000000000003'),
(186, 62, 'F003', '2.7574'),
(187, 63, 'F001', '1.7748'),
(188, 63, 'F002', '3.6584000000000003'),
(189, 63, 'F003', '2.7574'),
(190, 64, 'F001', '1.7748'),
(191, 64, 'F002', '3.6584000000000003'),
(192, 64, 'F003', '2.7574'),
(193, 65, 'F001', '1.7748'),
(194, 65, 'F002', '3.6584000000000003'),
(195, 65, 'F003', '2.7574'),
(196, 66, 'F001', '1.7748'),
(197, 66, 'F002', '3.6584000000000003'),
(198, 66, 'F003', '2.7574'),
(199, 67, 'F001', '1.7748'),
(200, 67, 'F002', '3.6584000000000003'),
(201, 67, 'F003', '2.7574'),
(202, 68, 'F001', '1.7748'),
(203, 68, 'F002', '3.6584000000000003'),
(204, 68, 'F003', '2.7574'),
(205, 69, 'F001', '1.7748'),
(206, 69, 'F002', '3.6584000000000003'),
(207, 69, 'F003', '2.7574'),
(208, 70, 'F001', '1.7748'),
(209, 70, 'F002', '3.6584000000000003'),
(210, 70, 'F003', '2.7574'),
(211, 71, 'F001', '1.7748'),
(212, 71, 'F002', '3.6584000000000003'),
(213, 71, 'F003', '2.7574'),
(214, 72, 'F001', '1.7748'),
(215, 72, 'F002', '3.6584000000000003'),
(216, 72, 'F003', '2.7574'),
(217, 73, 'F001', '1.7748'),
(218, 73, 'F002', '3.6584000000000003'),
(219, 73, 'F003', '2.7574'),
(220, 74, 'F001', '1.7748'),
(221, 74, 'F002', '3.6584000000000003'),
(222, 74, 'F003', '2.7574'),
(223, 75, 'F001', '1.7748'),
(224, 75, 'F002', '3.6584000000000003'),
(225, 75, 'F003', '2.7574'),
(226, 76, 'F001', '1.7748'),
(227, 76, 'F002', '3.6584000000000003'),
(228, 76, 'F003', '2.7574'),
(229, 77, 'F001', '0'),
(230, 77, 'F002', '0'),
(231, 77, 'F003', '0'),
(232, 78, 'F001', '0'),
(233, 78, 'F002', '0.3828'),
(234, 78, 'F003', '0.5569999999999999'),
(235, 79, 'F001', '0.3531'),
(236, 79, 'F002', '0.5'),
(237, 79, 'F003', '0'),
(238, 80, 'F001', '0.47850000000000004'),
(239, 80, 'F002', '1.9831999999999999'),
(240, 80, 'F003', '0.58'),
(241, 81, 'F001', '0'),
(242, 81, 'F002', '0.8217'),
(243, 81, 'F003', '0.3828'),
(244, 82, 'F001', '0.9867000000000001'),
(245, 82, 'F002', '3.4115'),
(246, 82, 'F003', '2.1908000000000003'),
(247, 83, 'F001', '0.866'),
(248, 83, 'F002', '1.92'),
(249, 83, 'F003', '2.6159999999999997'),
(250, 84, 'F001', '0.866'),
(251, 84, 'F002', '1.92'),
(252, 84, 'F003', '2.6159999999999997'),
(253, 85, 'F001', '0.866'),
(254, 85, 'F002', '1.6582'),
(255, 85, 'F003', '2.4562'),
(256, 86, 'F001', '0.866'),
(257, 86, 'F002', '1.6582'),
(258, 86, 'F003', '2.4562'),
(259, 87, 'F001', '0.866'),
(260, 87, 'F002', '1.6582'),
(261, 87, 'F003', '2.4562'),
(262, 88, 'F001', '0.866'),
(263, 88, 'F002', '1.6582'),
(264, 88, 'F003', '2.4562'),
(265, 89, 'F001', '0.866'),
(266, 89, 'F002', '1.6582'),
(267, 89, 'F003', '2.4562'),
(268, 90, 'F001', '0.866'),
(269, 90, 'F002', '1.6582'),
(270, 90, 'F003', '2.4562'),
(271, 91, 'F001', '0.866'),
(272, 91, 'F002', '1.6582'),
(273, 91, 'F003', '2.4562'),
(274, 92, 'F001', '0.866'),
(275, 92, 'F002', '1.6582'),
(276, 92, 'F003', '2.4562'),
(277, 93, 'F001', '0.866'),
(278, 93, 'F002', '1.6582'),
(279, 93, 'F003', '2.4562'),
(280, 94, 'F001', '0.866'),
(281, 94, 'F002', '1.6582'),
(282, 94, 'F003', '2.4562'),
(283, 95, 'F001', '0.866'),
(284, 95, 'F002', '1.6582'),
(285, 95, 'F003', '2.4562'),
(286, 96, 'F001', '0.866'),
(287, 96, 'F002', '1.6582'),
(288, 96, 'F003', '2.4562'),
(289, 97, 'F001', '0'),
(290, 97, 'F002', '0'),
(291, 97, 'F003', '0'),
(292, 98, 'F001', '0'),
(293, 98, 'F002', '0'),
(294, 98, 'F003', '0'),
(295, 99, 'F001', '1.6962000000000002'),
(296, 99, 'F002', '3.4583999999999997'),
(297, 99, 'F003', '2.244'),
(298, 100, 'F001', '1.6962000000000002'),
(299, 100, 'F002', '3.4583999999999997'),
(300, 100, 'F003', '2.244'),
(301, 101, 'F001', '0'),
(302, 101, 'F002', '0'),
(303, 101, 'F003', '0'),
(304, 102, 'F001', '0.8481000000000001'),
(305, 102, 'F002', '1.7291999999999998'),
(306, 102, 'F003', '1.122'),
(307, 103, 'F001', '2.5699999999999994'),
(308, 103, 'F002', '5.24'),
(309, 103, 'F003', '3.4000000000000004'),
(310, 104, 'F001', '0'),
(311, 104, 'F002', '0'),
(312, 104, 'F003', '0'),
(313, 105, 'F001', '0.8481000000000001'),
(314, 105, 'F002', '1.7291999999999998'),
(315, 105, 'F003', '1.122'),
(316, 106, 'F001', '1.6962000000000002'),
(317, 106, 'F002', '3.4583999999999997'),
(318, 106, 'F003', '2.244'),
(319, 107, 'F001', '1.6962000000000002'),
(320, 107, 'F002', '3.4583999999999997'),
(321, 107, 'F003', '2.244'),
(322, 108, 'F001', '1.6962000000000002'),
(323, 108, 'F002', '3.4583999999999997'),
(324, 108, 'F003', '2.244'),
(325, 109, 'F001', '1.6962000000000002'),
(326, 109, 'F002', '3.4583999999999997'),
(327, 109, 'F003', '2.244'),
(328, 110, 'F001', '1.6962000000000002'),
(329, 110, 'F002', '3.4583999999999997'),
(330, 110, 'F003', '2.244'),
(331, 111, 'F001', '1.6962000000000002'),
(332, 111, 'F002', '3.4583999999999997'),
(333, 111, 'F003', '2.244'),
(334, 112, 'F001', '1.6962000000000002'),
(335, 112, 'F002', '3.4583999999999997'),
(336, 112, 'F003', '2.244'),
(337, 113, 'F001', '1.6962000000000002'),
(338, 113, 'F002', '3.4583999999999997'),
(339, 113, 'F003', '2.244'),
(340, 114, 'F001', '1.6962000000000002'),
(341, 114, 'F002', '3.4583999999999997'),
(342, 114, 'F003', '2.244'),
(343, 115, 'F001', '1.6962000000000002'),
(344, 115, 'F002', '3.4583999999999997'),
(345, 115, 'F003', '2.244'),
(346, 116, 'F001', '1.6962000000000002'),
(347, 116, 'F002', '3.4583999999999997'),
(348, 116, 'F003', '2.244'),
(349, 117, 'F001', '1.6962000000000002'),
(350, 117, 'F002', '3.4583999999999997'),
(351, 117, 'F003', '2.244'),
(352, 118, 'F001', '1.6962000000000002'),
(353, 118, 'F002', '3.4583999999999997'),
(354, 118, 'F003', '2.244'),
(355, 119, 'F001', '1.6962000000000002'),
(356, 119, 'F002', '3.4583999999999997'),
(357, 119, 'F003', '2.244'),
(358, 120, 'F001', '1.6962000000000002'),
(359, 120, 'F002', '3.4583999999999997'),
(360, 120, 'F003', '2.244'),
(361, 121, 'F001', '1.6962000000000002'),
(362, 121, 'F002', '3.4583999999999997'),
(363, 121, 'F003', '2.244'),
(364, 122, 'F001', '1.6962000000000002'),
(365, 122, 'F002', '3.4583999999999997'),
(366, 122, 'F003', '2.244'),
(367, 123, 'F001', '1.6962000000000002'),
(368, 123, 'F002', '3.4583999999999997'),
(369, 123, 'F003', '2.244'),
(370, 124, 'F001', '1.6962000000000002'),
(371, 124, 'F002', '3.4583999999999997'),
(372, 124, 'F003', '2.244'),
(373, 125, 'F001', '1.6962000000000002'),
(374, 125, 'F002', '3.4583999999999997'),
(375, 125, 'F003', '2.244'),
(376, 126, 'F001', '1.6962000000000002'),
(377, 126, 'F002', '3.4583999999999997'),
(378, 126, 'F003', '2.244'),
(379, 127, 'F001', '1.6962000000000002'),
(380, 127, 'F002', '3.4583999999999997'),
(381, 127, 'F003', '2.244'),
(382, 128, 'F001', '1.6962000000000002'),
(383, 128, 'F002', '3.4583999999999997'),
(384, 128, 'F003', '2.244'),
(385, 129, 'F001', '1.6962000000000002'),
(386, 129, 'F002', '3.4583999999999997'),
(387, 129, 'F003', '2.244'),
(388, 130, 'F001', '1.6962000000000002'),
(389, 130, 'F002', '3.4583999999999997'),
(390, 130, 'F003', '2.244'),
(391, 131, 'F001', '1.6962000000000002'),
(392, 131, 'F002', '3.4583999999999997'),
(393, 131, 'F003', '2.244'),
(394, 132, 'F001', '2.5699999999999994'),
(395, 132, 'F002', '5.24'),
(396, 132, 'F003', '3.4000000000000004'),
(397, 133, 'F001', '2.5699999999999994'),
(398, 133, 'F002', '5.24'),
(399, 133, 'F003', '3.4000000000000004'),
(400, 134, 'F001', '2.5699999999999994'),
(401, 134, 'F002', '5.24'),
(402, 134, 'F003', '3.4000000000000004'),
(403, 135, 'F001', '2.5699999999999994'),
(404, 135, 'F002', '5.24'),
(405, 135, 'F003', '3.4000000000000004'),
(406, 136, 'F001', '2.5699999999999994'),
(407, 136, 'F002', '5.24'),
(408, 136, 'F003', '3.4000000000000004'),
(409, 137, 'F001', '2.5699999999999994'),
(410, 137, 'F002', '5.24'),
(411, 137, 'F003', '3.4000000000000004'),
(412, 138, 'F001', '2.5699999999999994'),
(413, 138, 'F002', '5.24'),
(414, 138, 'F003', '3.4000000000000004'),
(415, 139, 'F001', '2.5699999999999994'),
(416, 139, 'F002', '5.24'),
(417, 139, 'F003', '3.4000000000000004'),
(418, 140, 'F001', '2.5699999999999994'),
(419, 140, 'F002', '5.24'),
(420, 140, 'F003', '3.4000000000000004'),
(421, 141, 'F001', '2.5699999999999994'),
(422, 141, 'F002', '5.24'),
(423, 141, 'F003', '3.4000000000000004'),
(424, 142, 'F001', '2.5699999999999994'),
(425, 142, 'F002', '5.24'),
(426, 142, 'F003', '3.4000000000000004'),
(427, 143, 'F001', '2.5699999999999994'),
(428, 143, 'F002', '5.24'),
(429, 143, 'F003', '3.4000000000000004'),
(430, 144, 'F001', '2.5699999999999994'),
(431, 144, 'F002', '5.24'),
(432, 144, 'F003', '3.4000000000000004'),
(433, 145, 'F001', '2.5699999999999994'),
(434, 145, 'F002', '5.24'),
(435, 145, 'F003', '3.4000000000000004'),
(436, 146, 'F001', '2.5699999999999994'),
(437, 146, 'F002', '5.24'),
(438, 146, 'F003', '3.4000000000000004'),
(439, 147, 'F001', '2.5699999999999994'),
(440, 147, 'F002', '5.24'),
(441, 147, 'F003', '3.4000000000000004'),
(442, 148, 'F001', '2.5699999999999994'),
(443, 148, 'F002', '5.24'),
(444, 148, 'F003', '3.4000000000000004'),
(445, 149, 'F001', '2.5699999999999994'),
(446, 149, 'F002', '5.24'),
(447, 149, 'F003', '3.4000000000000004'),
(448, 150, 'F001', '2.5699999999999994'),
(449, 150, 'F002', '5.24'),
(450, 150, 'F003', '3.4000000000000004'),
(451, 151, 'F001', '2.5699999999999994'),
(452, 151, 'F002', '5.24'),
(453, 151, 'F003', '3.4000000000000004'),
(454, 152, 'F001', '2.5699999999999994'),
(455, 152, 'F002', '5.24'),
(456, 152, 'F003', '3.4000000000000004'),
(457, 153, 'F001', '2.5699999999999994'),
(458, 153, 'F002', '5.24'),
(459, 153, 'F003', '3.4000000000000004'),
(460, 154, 'F001', '2.5699999999999994'),
(461, 154, 'F002', '5.24'),
(462, 154, 'F003', '3.4000000000000004'),
(463, 155, 'F001', '2.5699999999999994'),
(464, 155, 'F002', '5.24'),
(465, 155, 'F003', '3.4000000000000004'),
(466, 156, 'F001', '0'),
(467, 156, 'F002', '0'),
(468, 156, 'F003', '0'),
(469, 157, 'F001', '0.8481000000000001'),
(470, 157, 'F002', '1.7291999999999998'),
(471, 157, 'F003', '1.122'),
(472, 158, 'F001', '0.8481000000000001'),
(473, 158, 'F002', '1.7291999999999998'),
(474, 158, 'F003', '1.122'),
(475, 159, 'F001', '0.8481000000000001'),
(476, 159, 'F002', '1.7291999999999998'),
(477, 159, 'F003', '1.122'),
(478, 160, 'F001', '0.8481000000000001'),
(479, 160, 'F002', '1.7291999999999998'),
(480, 160, 'F003', '1.122'),
(481, 161, 'F001', '0.8481000000000001'),
(482, 161, 'F002', '1.7291999999999998'),
(483, 161, 'F003', '1.122'),
(484, 162, 'F001', '0.8481000000000001'),
(485, 162, 'F002', '1.7291999999999998'),
(486, 162, 'F003', '1.122'),
(487, 163, 'F001', '0.8481000000000001'),
(488, 163, 'F002', '1.7291999999999998'),
(489, 163, 'F003', '1.122'),
(490, 164, 'F001', '0.8481000000000001'),
(491, 164, 'F002', '1.7291999999999998'),
(492, 164, 'F003', '1.122'),
(493, 165, 'F001', '0.8481000000000001'),
(494, 165, 'F002', '1.7291999999999998'),
(495, 165, 'F003', '1.122'),
(496, 166, 'F001', '0.8481000000000001'),
(497, 166, 'F002', '1.7291999999999998'),
(498, 166, 'F003', '1.122'),
(499, 167, 'F001', '0.8481000000000001'),
(500, 167, 'F002', '1.7291999999999998'),
(501, 167, 'F003', '1.122'),
(502, 168, 'F001', '0.8481000000000001'),
(503, 168, 'F002', '1.7291999999999998'),
(504, 168, 'F003', '1.122'),
(505, 169, 'F001', '0.8481000000000001'),
(506, 169, 'F002', '1.7291999999999998'),
(507, 169, 'F003', '1.122'),
(508, 170, 'F001', '0.8481000000000001'),
(509, 170, 'F002', '1.7291999999999998'),
(510, 170, 'F003', '1.122'),
(511, 171, 'F001', '0.8481000000000001'),
(512, 171, 'F002', '1.7291999999999998'),
(513, 171, 'F003', '1.122'),
(514, 172, 'F001', '0.8481000000000001'),
(515, 172, 'F002', '1.7291999999999998'),
(516, 172, 'F003', '1.122'),
(517, 173, 'F001', '0.8481000000000001'),
(518, 173, 'F002', '1.7291999999999998'),
(519, 173, 'F003', '1.122'),
(520, 174, 'F001', '0.8481000000000001'),
(521, 174, 'F002', '1.7291999999999998'),
(522, 174, 'F003', '1.122'),
(523, 175, 'F001', '0.8481000000000001'),
(524, 175, 'F002', '1.7291999999999998'),
(525, 175, 'F003', '1.122'),
(526, 176, 'F001', '0.8481000000000001'),
(527, 176, 'F002', '1.7291999999999998'),
(528, 176, 'F003', '1.122'),
(529, 177, 'F001', '0.8481000000000001'),
(530, 177, 'F002', '1.7291999999999998'),
(531, 177, 'F003', '1.122'),
(532, 178, 'F001', '0.8481000000000001'),
(533, 178, 'F002', '1.7291999999999998'),
(534, 178, 'F003', '1.122'),
(535, 179, 'F001', '0.8481000000000001'),
(536, 179, 'F002', '1.7291999999999998'),
(537, 179, 'F003', '1.122'),
(538, 180, 'F001', '0.8481000000000001'),
(539, 180, 'F002', '1.7291999999999998'),
(540, 180, 'F003', '1.122'),
(541, 181, 'F001', '0.8481000000000001'),
(542, 181, 'F002', '1.7291999999999998'),
(543, 181, 'F003', '1.122'),
(544, 182, 'F001', '0.8481000000000001'),
(545, 182, 'F002', '1.7291999999999998'),
(546, 182, 'F003', '1.122'),
(547, 183, 'F001', '0.8481000000000001'),
(548, 183, 'F002', '1.7291999999999998'),
(549, 183, 'F003', '1.122'),
(550, 184, 'F001', '0.8481000000000001'),
(551, 184, 'F002', '1.7291999999999998'),
(552, 184, 'F003', '1.122'),
(553, 185, 'F001', '0.8481000000000001'),
(554, 185, 'F002', '1.7291999999999998'),
(555, 185, 'F003', '1.122'),
(556, 186, 'F001', '0.8481000000000001'),
(557, 186, 'F002', '1.7291999999999998'),
(558, 186, 'F003', '1.122'),
(559, 187, 'F001', '0.8481000000000001'),
(560, 187, 'F002', '1.7291999999999998'),
(561, 187, 'F003', '1.122'),
(562, 188, 'F001', '0.8481000000000001'),
(563, 188, 'F002', '1.7291999999999998'),
(564, 188, 'F003', '1.122'),
(565, 189, 'F001', '0.8481000000000001'),
(566, 189, 'F002', '1.7291999999999998'),
(567, 189, 'F003', '1.122'),
(568, 190, 'F001', '0.8481000000000001'),
(569, 190, 'F002', '1.7291999999999998'),
(570, 190, 'F003', '1.122'),
(571, 191, 'F001', '0.8481000000000001'),
(572, 191, 'F002', '1.7291999999999998'),
(573, 191, 'F003', '1.122'),
(574, 192, 'F001', '0.8481000000000001'),
(575, 192, 'F002', '1.7291999999999998'),
(576, 192, 'F003', '1.122'),
(577, 193, 'F001', '0.8481000000000001'),
(578, 193, 'F002', '1.7291999999999998'),
(579, 193, 'F003', '1.122'),
(580, 194, 'F001', '0.8481000000000001'),
(581, 194, 'F002', '1.7291999999999998'),
(582, 194, 'F003', '1.122'),
(583, 195, 'F001', '0.8481000000000001'),
(584, 195, 'F002', '1.7291999999999998'),
(585, 195, 'F003', '1.122'),
(586, 196, 'F001', '1.1333'),
(587, 196, 'F002', '3.2611'),
(588, 196, 'F003', '2.1433'),
(589, 197, 'F001', '0'),
(590, 197, 'F002', '0'),
(591, 197, 'F003', '0');

-- --------------------------------------------------------

--
-- Table structure for table `tb_gejala`
--

CREATE TABLE `tb_gejala` (
  `id_gejala` varchar(5) NOT NULL,
  `gejala` text NOT NULL,
  `bobot_gj` float NOT NULL,
  `id_kategori` varchar(5) NOT NULL
) ENGINE=InnoDB DEFAULT CHARSET=latin1;

--
-- Dumping data for table `tb_gejala`
--

INSERT INTO `tb_gejala` (`id_gejala`, `gejala`, `bobot_gj`, `id_kategori`) VALUES
('G001', 'Saya tidak merasa sedih', 0, 'K001'),
('G002', 'Saya seringkali merasa sedih', 0.33, 'K001'),
('G003', 'Saya merasa sedih sepanjang waktu', 0.66, 'K001'),
('G004', 'Saya merasa sangat tidak bahagia atau sedih sampai tidak tertahankan', 1, 'K001'),
('G005', 'Saya tidak meragukan masa depan saya', 0, 'K002'),
('G006', 'Saya merasa lebih meragukan masa depan saya dibanding biasanya', 0.33, 'K002'),
('G007', 'Saya merasa segala sesuatu tidak berjalan dengan baik bagi saya', 0.66, 'K002'),
('G008', 'Saya merasa masa depan saya tidak ada harapan dan akan semakin buruk', 1, 'K002'),
('G009', 'Saya tidak merasa gagal', 0, 'K003'),
('G010', 'Saya telah gagal lebih dari yang seharusnya', 0.33, 'K003'),
('G011', 'Saya melakukan banyak kegagalan di masa lalu', 0.66, 'K003'),
('G012', 'Saya merasa gagal sama sekali (betul-betul gagal)', 1, 'K003'),
('G013', 'Saya mendapatkan kesenangan dari hal-hal yang saya lakukan', 0, 'K004'),
('G014', 'Saya tidak menikmati sesuatu seperti biasanya', 0.33, 'K004'),
('G015', 'Saya hanya mendapatkan sangat sedikit kesenangan dari hal-hal yang biasanya bisa saya nikmati', 0.66, 'K004'),
('G016', 'Saya tidak mendapatkan kesenangan sama sekali dari hal-hal yang biasanya bisa saya nikmati', 1, 'K004'),
('G017', 'Saya sama sekali tidak merasa bersalah', 0, 'K005'),
('G018', 'Saya merasa bersalah atas banyak hal yang telah atau seharusnya saya lakukan', 0.33, 'K005'),
('G019', 'Saya sering merasa bersalah', 0.66, 'K005'),
('G020', 'Saya merasa bersalah setiap saat', 1, 'K005'),
('G021', 'Saya tidak merasa bahwa saya sedang dihukum', 0, 'K006'),
('G022', 'Saya merasa bahwa mungkin saya akan dihukum', 0.33, 'K006'),
('G023', 'Saya yakin bahwa saya akan dihukum', 0.66, 'K006'),
('G024', 'Saya merasa bahwa saya sedang dihukum', 1, 'K006'),
('G025', 'Saya tidak merasa kecewa pada diri sendiri', 0, 'K007'),
('G026', 'Saya kehilangan kepercayaan pada diri sendiri', 0.33, 'K007'),
('G027', 'Saya merasa kecewa pada diri sendiri', 0.66, 'K007'),
('G028', 'Saya benci pada diri sendiri', 1, 'K007'),
('G029', 'Saya tidak mengkritik atau menyalahkan diri sendiri lebih dari biasanya', 0, 'K008'),
('G030', 'Saya mengkritik diri sendiri lebih dari biasanya', 0.33, 'K008'),
('G031', 'Saya mengkritik diri sendiri atas semua kesalahan yang saya lakukan', 0.66, 'K008'),
('G032', 'Saya menyalahkan diri sendiri untuk semua hal-hal buruk yang terjadi', 1, 'K008'),
('G033', 'Saya tidak berpikir untuk bunuh diri', 0, 'K009'),
('G034', 'Saya berpikir untuk bunuh diri, tetapi hal itu tidak akan saya lakukan', 0.33, 'K009'),
('G035', 'Saya ingin bunuh diri', 0.66, 'K009'),
('G036', 'Saya akan bunuh diri seandainya ada kesempatan', 1, 'K009'),
('G037', 'Saya tidak menangis lagi seperti biasanya', 0, 'K010'),
('G038', 'Saya lebih sering menangis dibanding biasanya', 0.33, 'K010'),
('G039', 'Saya menangis bahkan untuk masalah kecil', 0.66, 'K010'),
('G040', 'Rasanya saya ingin sekali menangis tetapi tidak bisa', 1, 'K010'),
('G041', 'Saya  tidak  lagi  merasa  gelisah\r\natau tertekan dibandingkan biasanya\r\n', 0, 'K011'),
('G042', 'Saya merasa lebih mudah gelisah atau tertekan dibanding biasanya', 0.33, 'K011'),
('G043', 'Saya sangat tertekan dan gelisah sampai sulit untuk berdiam diri', 0.66, 'K011'),
('G044', 'Saya sangat gelisah sehingga harus senantiasa bergerak atau melakukan sesuatu', 1, 'K011'),
('G045', 'Saya tidak kehilangan minat atau berelasi dengan orang lain atau melakukan aktivitas', 0, 'K012'),
('G046', 'Saya kurang berminat untuk berelasi dengan orang lain atau terhadap sesuatu dibandingkan biasanya', 0.33, 'K012'),
('G047', 'Saya kehilangan hampir seluruh minat saya untuk berelasi dengan orang lain atau terhadap sesuatu', 0.66, 'K012'),
('G048', 'Saya tidak berminat akan apapun', 1, 'K012'),
('G049', 'Saya dapat mengambil keputusan sebagaimana yang biasanya saya lakukan', 0, 'K013'),
('G050', 'Saya agak sulit mengambil keputusan dibanding biasanya', 0.33, 'K013'),
('G051', 'Saya   lebih   banyak   mengalami\r\nkesulitan dalam mengambil keputusan dibanding biasanya\r\n', 0.66, 'K013'),
('G052', 'Saya sangat mengalami kesulitan setiap kali mengambil keputusan', 1, 'K013'),
('G053', 'Saya merasa layak', 0, 'K014'),
('G054', 'Saya merasa tidak layak dan tidak berguna dibandingkan biasanya', 0.33, 'K014'),
('G055', 'Saya merasa lebih tidak layak dibanding orang lain', 0.66, 'K014'),
('G056', 'Saya merasa sama sekali tidak layak', 1, 'K014'),
('G057', 'Saya memiliki tenaga (semangat) seperti biasanya', 0, 'K015'),
('G058', 'Saya memiliki tenaga lebih sedikit dibanding yang seharusnya saya miliki', 0.33, 'K015'),
('G059', 'Saya tidak memiliki tenaga yang cukup untuk berbuat banyak', 0.66, 'K015'),
('G060', 'Saya tidak memiliki tenaga yang cukup untuk melakukan apapun', 1, 'K015'),
('G061', 'Saya tidak mengalami perubahan\r\napapun dalam pola tidur saya', 0, 'K016'),
('G062', 'Saya tidur lebih dari biasanya / saya tidur kurang dari biasanya', 0.33, 'K016'),
('G063', 'Saya tidur jauh lebih lama dari biasanya / saya tidur sangat kurang dari biasanya', 0.66, 'K016'),
('G064', 'Saya tidur hampir sepanjang hari / saya bangun 1-2 jam lebih awal dan tidak dapat tidur kembali', 1, 'K016'),
('G065', 'Saya tidak lebih mudah marah seperti biasanya', 0, 'K017'),
('G066', 'Saya lebih mudah marah dibanding biasanya', 0.33, 'K017'),
('G067', 'Saya jauh lebih mudah marah dibanding biasanya', 0.66, 'K017'),
('G068', 'Saya mudah marah sepanjang waktu', 1, 'K017'),
('G069', 'Selera makan saya tidak berubah (tidak lebih buruk) dari biasanya', 0, 'K018'),
('G070', 'Selera makan saya kurang dari biasanya / selera makan saya lebih dari biasanya', 0.33, 'K018'),
('G071', 'Selera makan saya sangat kurang dibanding biasanya / selera makan saya sangat lebih dibanding biasanya', 0.66, 'K018'),
('G072', 'Saya tidak punya selera makan sama sekali / saya ingin makan setiap waktu', 1, 'K018'),
('G073', 'Saya mampu berkonsentrasi seperti biasanya', 0, 'K019'),
('G074', 'Saya tidak mampu berkonsentrasi seperti biasanya', 0.33, 'K019'),
('G075', 'Saya sangat sulit untuk tetap memusatkan pikiran terhadap sesuatu dalam jangka waktu yang panjang', 0.66, 'K019'),
('G076', 'Saya merasa saya tidak mampu berkonsentrasi dalam semua hal', 1, 'K019'),
('G077', 'Saya tidak lebih capek atau lelah dibanding biasanya', 0, 'K020'),
('G078', 'Saya lebih mudah capek atau lelah dari biasanya', 0.33, 'K020'),
('G079', 'Saya merasa capek atau lelah untuk melakukan banyak hal yang biasanya saya lakukan', 0.66, 'K020'),
('G080', 'Saya terlalu capek atau lelah untuk melakukan hampir semua hal yang biasanya saya lakukan', 1, 'K020'),
('G081', 'Saya tidak melihat adanya perubahan pada gairah seksual saya', 0, 'K021'),
('G082', 'Gairah seksual saya berkurang tidak seperti biasanya', 0.33, 'K021'),
('G083', 'Saya menjadi sangat kurang berminat pada aktivitas seksual saat ini', 0.66, 'K021'),
('G084', 'Gairah seksual saya hilang sama sekali', 1, 'K021');

-- --------------------------------------------------------

--
-- Table structure for table `tb_kategori`
--

CREATE TABLE `tb_kategori` (
  `id_kategori` varchar(5) NOT NULL,
  `id_faktor` varchar(5) NOT NULL,
  `kategori` text NOT NULL,
  `bobot_kat` float NOT NULL
) ENGINE=InnoDB DEFAULT CHARSET=latin1;

--
-- Dumping data for table `tb_kategori`
--

INSERT INTO `tb_kategori` (`id_kategori`, `id_faktor`, `kategori`, `bobot_kat`) VALUES
('K001', 'F001', 'Kesedihan', 0.69),
('K002', 'F001', 'Pesimis', 0.38),
('K003', 'F002', 'Kegagalan masa lalu', 0.5),
('K004', 'F003', 'Kehilangan gairah', 0.58),
('K005', 'F002', 'Perasaan bersalah', 0.34),
('K006', 'F002', 'Perasaan dihukum', 0.46),
('K007', 'F002', 'Tidak menyukai diri sendiri', 0.65),
('K008', 'F002', 'Mengkritik diri sendiri', 0.57),
('K009', 'F002', 'Pikiran-pikiran atau keinginan bunuh diri', 0.8),
('K010', 'F001', 'Menangis', 0.43),
('K011', 'F001', 'Gelisah', 0.6),
('K012', 'F003', 'Kehilangan minat', 0.6),
('K013', 'F002', 'Sulit mengambil keputusan', 0.57),
('K014', 'F002', 'Merasa tidak layak', 0.77),
('K015', 'F003', 'Kehilangan tenaga (semangat)', 0.5),
('K016', 'F003', 'Perubahan pola tidur', 0.57),
('K017', 'F001', 'Mudah marah', 0.47),
('K018', 'F003', 'Perubahan selera makan', 0.44),
('K019', 'F002', 'Sulit berkonsentrasi', 0.58),
('K020', 'F003', 'Capek atau kelelahan', 0.45),
('K021', 'F003', 'Kehilangan gairah seksual', 0.26);

-- --------------------------------------------------------

--
-- Table structure for table `tb_klasifikasi_depresi`
--

CREATE TABLE `tb_klasifikasi_depresi` (
  `id_klass` int(11) NOT NULL,
  `nama` varchar(20) NOT NULL,
  `nilai_klasifikasi_bawah` varchar(20) NOT NULL,
  `nilai_klasifikasi_atas` varchar(20) NOT NULL
) ENGINE=InnoDB DEFAULT CHARSET=latin1;

--
-- Dumping data for table `tb_klasifikasi_depresi`
--

INSERT INTO `tb_klasifikasi_depresi` (`id_klass`, `nama`, `nilai_klasifikasi_bawah`, `nilai_klasifikasi_atas`) VALUES
(1, 'Depresi minimal', '0', '13'),
(2, 'Depresi rendah', '13', '19'),
(3, 'Depresi sedang', '19', '28'),
(4, 'Depresi Berat', '28', '63');

-- --------------------------------------------------------

--
-- Table structure for table `tb_pakar`
--

CREATE TABLE `tb_pakar` (
  `id_pakar` int(5) NOT NULL,
  `id_faktor` varchar(5) NOT NULL,
  `id_kategori` varchar(5) NOT NULL,
  `bobot_kat` float NOT NULL,
  `id_gejala` varchar(5) NOT NULL,
  `bobot_gj` float NOT NULL
) ENGINE=InnoDB DEFAULT CHARSET=latin1;

--
-- Dumping data for table `tb_pakar`
--

INSERT INTO `tb_pakar` (`id_pakar`, `id_faktor`, `id_kategori`, `bobot_kat`, `id_gejala`, `bobot_gj`) VALUES
(1, 'F001', 'K001', 0.61, 'G001', 0),
(2, 'F001', 'K001', 0.6, 'G002', 0.33),
(3, 'F001', 'K001', 0.6, 'G003', 0.66),
(4, 'F001', 'K001', 0.6, 'G004', 1),
(5, 'F001', 'K002', 0.38, 'G005', 0),
(6, 'F001', 'K002', 0.38, 'G006', 0.33),
(7, 'F001', 'K002', 0.38, 'G007', 0.66),
(8, 'F001', 'K002', 0.38, 'G008', 1),
(9, 'F002', 'K003', 0.5, 'G009', 0),
(10, 'F002', 'K003', 0.5, 'G010', 0.33),
(11, 'F002', 'K003', 0.5, 'G012', 1),
(12, 'F003', 'K004', 0.58, 'G013', 0),
(13, 'F003', 'K004', 0.58, 'G014', 0.33),
(14, 'F003', 'K004', 0.58, 'G015', 0.66),
(15, 'F003', 'K004', 0, 'G016', 0),
(16, 'F002', 'K005', 0, 'G017', 0),
(17, 'F002', 'K005', 0, 'G018', 0),
(18, 'F002', 'K005', 0, 'G019', 0),
(19, 'F002', 'K005', 0, 'G020', 0),
(20, 'F002', 'K006', 0, 'G021', 0),
(21, 'F002', 'K006', 0, 'G022', 0),
(22, 'F002', 'K006', 0, 'G023', 0),
(23, 'F002', 'K006', 0, 'G024', 0),
(24, 'F002', 'K007', 0, 'G025', 0),
(25, 'F002', 'K007', 0, 'G026', 0),
(26, 'F002', 'K007', 0, 'G027', 0),
(27, 'F002', 'K007', 0, 'G028', 0),
(28, 'F002', 'K008', 0, 'G029', 0),
(29, 'F002', 'K008', 0, 'G030', 0),
(30, 'F002', 'K008', 0, 'G031', 0),
(31, 'F002', 'K008', 0, 'G032', 0),
(32, 'F002', 'K009', 0, 'G033', 0),
(33, 'F002', 'K009', 0, 'G034', 0),
(34, 'F002', 'K009', 0, 'G035', 0),
(35, 'F002', 'K009', 0, 'G036', 0),
(36, 'F001', 'K010', 0, 'G037', 0),
(37, 'F001', 'K010', 0, 'G038', 0),
(38, 'F001', 'K010', 0, 'G039', 0),
(39, 'F001', 'K010', 0, 'G040', 0),
(40, 'F001', 'K011', 0, 'G041', 0),
(41, 'F001', 'K011', 0, 'G042', 0),
(42, 'F001', 'K011', 0, 'G043', 0),
(43, 'F001', 'K011', 0, 'G044', 0),
(44, 'F003', 'K012', 0, 'G045', 0),
(45, 'F003', 'K012', 0, 'G046', 0),
(46, 'F003', 'K012', 0, 'G047', 0),
(47, 'F003', 'K012', 0, 'G048', 0),
(48, 'F002', 'K013', 0, 'G049', 0),
(49, 'F002', 'K013', 0, 'G050', 0),
(50, 'F002', 'K013', 0, 'G051', 0),
(51, 'F002', 'K013', 0, 'G052', 0),
(52, 'F002', 'K014', 0, 'G053', 0),
(53, 'F002', 'K014', 0, 'G054', 0),
(54, 'F002', 'K014', 0, 'G055', 0),
(55, 'F002', 'K014', 0, 'G056', 0),
(56, 'F003', 'K015', 0, 'G057', 0),
(57, 'F003', 'K015', 0, 'G058', 0),
(58, 'F003', 'K015', 0, 'G059', 0),
(59, 'F003', 'K015', 0, 'G060', 0),
(60, 'F003', 'K016', 0, 'G061', 0),
(61, 'F003', 'K016', 0, 'G062', 0),
(62, 'F003', 'K016', 0, 'G063', 0),
(63, 'F003', 'K016', 0, 'G064', 0),
(64, 'F001', 'K017', 0, 'G065', 0),
(65, 'F001', 'K017', 0, 'G066', 0),
(66, 'F001', 'K017', 0, 'G067', 0),
(67, 'F001', 'K017', 0, 'G068', 0),
(68, 'F003', 'K018', 0, 'G069', 0),
(69, 'F003', 'K018', 0, 'G070', 0),
(70, 'F003', 'K018', 0, 'G071', 0),
(71, 'F003', 'K018', 0, 'G072', 0),
(72, 'F002', 'K019', 0, 'G073', 0),
(73, 'F002', 'K019', 0, 'G074', 0),
(74, 'F002', 'K019', 0, 'G075', 0),
(75, 'F002', 'K019', 0, 'G076', 0),
(76, 'F003', 'K020', 0, 'G077', 0),
(77, 'F003', 'K020', 0, 'G078', 0),
(78, 'F003', 'K020', 0, 'G079', 0),
(79, 'F003', 'K020', 0, 'G080', 0),
(80, 'F003', 'K021', 0, 'G081', 0),
(81, 'F003', 'K021', 0, 'G082', 0),
(82, 'F003', 'K021', 0, 'G083', 0),
(83, 'F003', 'K021', 0, 'G084', 0);

-- --------------------------------------------------------

--
-- Table structure for table `tb_pemeriksaan`
--

CREATE TABLE `tb_pemeriksaan` (
  `id_pemeriksaan` int(11) NOT NULL,
  `user_id` int(11) NOT NULL,
  `creation_date` date NOT NULL
) ENGINE=InnoDB DEFAULT CHARSET=latin1;

--
-- Dumping data for table `tb_pemeriksaan`
--

INSERT INTO `tb_pemeriksaan` (`id_pemeriksaan`, `user_id`, `creation_date`) VALUES
(1, 1, '2018-12-22'),
(2, 1, '2019-01-07'),
(3, 1, '2019-01-07'),
(4, 1, '2019-01-07'),
(5, 1, '2019-01-07'),
(6, 1, '2019-01-07'),
(7, 1, '2019-01-07'),
(8, 1, '2019-01-07'),
(9, 1, '2019-01-07'),
(10, 1, '2019-01-07'),
(11, 1, '2019-01-07'),
(12, 1, '2019-01-07'),
(13, 1, '2019-01-07'),
(14, 1, '2019-01-07'),
(15, 1, '2019-01-07'),
(16, 1, '2019-01-07'),
(17, 1, '2019-01-07'),
(18, 1, '2019-01-07'),
(19, 1, '2019-01-07'),
(20, 1, '2019-01-07'),
(21, 1, '2019-01-07'),
(22, 1, '2019-01-07'),
(23, 1, '2019-01-07'),
(24, 1, '2019-01-07'),
(25, 1, '2019-01-07'),
(26, 1, '2019-01-07'),
(27, 1, '2019-01-07'),
(28, 1, '2019-01-07'),
(29, 1, '2019-01-07'),
(30, 1, '2019-01-07'),
(31, 1, '2019-01-07'),
(32, 1, '2019-01-07'),
(33, 1, '2019-01-07'),
(34, 1, '2019-01-07'),
(35, 1, '2019-01-07'),
(36, 1, '2019-01-07'),
(37, 1, '2019-01-07'),
(38, 1, '2019-01-07'),
(39, 1, '2019-01-07'),
(40, 1, '2019-01-07'),
(41, 1, '2019-01-07'),
(42, 1, '2019-01-07'),
(43, 1, '2019-01-07'),
(44, 1, '2019-01-07'),
(45, 1, '2019-01-07'),
(46, 1, '2019-01-07'),
(47, 1, '2019-01-07'),
(48, 1, '2019-01-07'),
(49, 1, '2019-01-07'),
(50, 1, '2019-01-07'),
(51, 1, '2019-01-07'),
(52, 1, '2019-01-07'),
(53, 1, '2019-01-07'),
(54, 1, '2019-01-07'),
(55, 1, '2019-01-07'),
(56, 1, '2019-01-07'),
(57, 1, '2019-01-07'),
(58, 1, '2019-01-07'),
(59, 1, '2019-01-07'),
(60, 1, '2019-01-07'),
(61, 1, '2019-01-07'),
(62, 1, '2019-01-07'),
(63, 1, '2019-01-07'),
(64, 1, '2019-01-07'),
(65, 1, '2019-01-07'),
(66, 1, '2019-01-07'),
(67, 1, '2019-01-07'),
(68, 1, '2019-01-07'),
(69, 1, '2019-01-07'),
(70, 1, '2019-01-07'),
(71, 1, '2019-01-07'),
(72, 1, '2019-01-07'),
(73, 1, '2019-01-07'),
(74, 1, '2019-01-07'),
(75, 1, '2019-01-07'),
(76, 1, '2019-01-07'),
(77, 1, '2019-01-07'),
(78, 1, '2019-01-07'),
(79, 2, '2019-01-09'),
(80, 2, '2019-01-09'),
(81, 2, '2019-01-09'),
(82, 2, '2019-01-09'),
(83, 2, '2019-01-09'),
(84, 2, '2019-01-09'),
(85, 2, '2019-01-09'),
(86, 2, '2019-01-09'),
(87, 2, '2019-01-09'),
(88, 2, '2019-01-09'),
(89, 2, '2019-01-09'),
(90, 2, '2019-01-09'),
(91, 2, '2019-01-09'),
(92, 2, '2019-01-09'),
(93, 2, '2019-01-09'),
(94, 2, '2019-01-09'),
(95, 2, '2019-01-09'),
(96, 2, '2019-01-09'),
(97, 2, '2019-01-09'),
(98, 2, '2019-01-09'),
(99, 1, '2019-01-11'),
(100, 2, '2019-01-11'),
(101, 2, '2019-01-11'),
(102, 2, '2019-01-11'),
(103, 2, '2019-01-11'),
(104, 2, '2019-01-11'),
(105, 2, '2019-01-11'),
(106, 2, '2019-01-11'),
(107, 1, '2019-01-11'),
(108, 1, '2019-01-11'),
(109, 2, '2019-01-11'),
(110, 1, '2019-01-11'),
(111, 1, '2019-01-11'),
(112, 1, '2019-01-11'),
(113, 1, '2019-01-11'),
(114, 1, '2019-01-11'),
(115, 1, '2019-01-11'),
(116, 1, '2019-01-11'),
(117, 1, '2019-01-11'),
(118, 1, '2019-01-11'),
(119, 1, '2019-01-11'),
(120, 1, '2019-01-11'),
(121, 1, '2019-01-11'),
(122, 1, '2019-01-11'),
(123, 1, '2019-01-11'),
(124, 1, '2019-01-11'),
(125, 1, '2019-01-11'),
(126, 1, '2019-01-11'),
(127, 1, '2019-01-11'),
(128, 1, '2019-01-11'),
(129, 1, '2019-01-11'),
(130, 1, '2019-01-11'),
(131, 1, '2019-01-11'),
(132, 1, '2019-01-11'),
(133, 1, '2019-01-11'),
(134, 1, '2019-01-11'),
(135, 1, '2019-01-11'),
(136, 1, '2019-01-11'),
(137, 1, '2019-01-11'),
(138, 1, '2019-01-11'),
(139, 1, '2019-01-11'),
(140, 1, '2019-01-11'),
(141, 1, '2019-01-11'),
(142, 1, '2019-01-11'),
(143, 1, '2019-01-11'),
(144, 1, '2019-01-11'),
(145, 1, '2019-01-11'),
(146, 1, '2019-01-11'),
(147, 1, '2019-01-11'),
(148, 1, '2019-01-11'),
(149, 1, '2019-01-11'),
(150, 1, '2019-01-11'),
(151, 1, '2019-01-11'),
(152, 1, '2019-01-11'),
(153, 1, '2019-01-11'),
(154, 1, '2019-01-11'),
(155, 1, '2019-01-11'),
(156, 1, '2019-01-11'),
(157, 1, '2019-01-11'),
(158, 1, '2019-01-11'),
(159, 1, '2019-01-11'),
(160, 1, '2019-01-11'),
(161, 1, '2019-01-11'),
(162, 1, '2019-01-11'),
(163, 1, '2019-01-11'),
(164, 1, '2019-01-11'),
(165, 1, '2019-01-11'),
(166, 1, '2019-01-11'),
(167, 1, '2019-01-11'),
(168, 1, '2019-01-11'),
(169, 1, '2019-01-11'),
(170, 1, '2019-01-11'),
(171, 1, '2019-01-11'),
(172, 1, '2019-01-11'),
(173, 1, '2019-01-11'),
(174, 1, '2019-01-11'),
(175, 1, '2019-01-11'),
(176, 1, '2019-01-11'),
(177, 1, '2019-01-11'),
(178, 1, '2019-01-11'),
(179, 1, '2019-01-11'),
(180, 1, '2019-01-11'),
(181, 1, '2019-01-11'),
(182, 1, '2019-01-11'),
(183, 1, '2019-01-11'),
(184, 1, '2019-01-11'),
(185, 1, '2019-01-11'),
(186, 1, '2019-01-11'),
(187, 1, '2019-01-11'),
(188, 1, '2019-01-11'),
(189, 1, '2019-01-11'),
(190, 1, '2019-01-11'),
(191, 1, '2019-01-11'),
(192, 1, '2019-01-11'),
(193, 1, '2019-01-11'),
(194, 1, '2019-01-11'),
(195, 1, '2019-01-11'),
(196, 1, '2019-01-11'),
(197, 1, '2019-01-11');

-- --------------------------------------------------------

--
-- Table structure for table `tb_user`
--

CREATE TABLE `tb_user` (
  `id_user` int(5) NOT NULL,
  `username` varchar(25) NOT NULL,
  `password` varchar(32) NOT NULL,
  `nama` varchar(50) NOT NULL,
  `alamat` text NOT NULL,
  `usia` int(2) NOT NULL,
  `gender` enum('L','P') NOT NULL,
  `level` enum('admin','user') NOT NULL
) ENGINE=InnoDB DEFAULT CHARSET=latin1;

--
-- Dumping data for table `tb_user`
--

INSERT INTO `tb_user` (`id_user`, `username`, `password`, `nama`, `alamat`, `usia`, `gender`, `level`) VALUES
(1, 'aji', '21232f297a57a5a743894a0e4a801fc3', 'aji', 'Sleman', 18, 'L', 'admin'),
(2, 'nuri', '883b86a631f14fd095ca4f7627b6be7b', 'nuri', 'mejing', 26, 'L', 'user');

--
-- Indexes for dumped tables
--

--
-- Indexes for table `tb_aturan`
--
ALTER TABLE `tb_aturan`
  ADD PRIMARY KEY (`id_aturan`);

--
-- Indexes for table `tb_batas`
--
ALTER TABLE `tb_batas`
  ADD PRIMARY KEY (`id_batas`),
  ADD KEY `id_faktor` (`id_faktor`);

--
-- Indexes for table `tb_detail_pemeriksaan`
--
ALTER TABLE `tb_detail_pemeriksaan`
  ADD PRIMARY KEY (`id_detail`),
  ADD KEY `detail` (`id_pemeriksaan`),
  ADD KEY `id_faktor` (`id_faktor`),
  ADD KEY `id_kategori` (`id_kategori`),
  ADD KEY `id_gejala` (`id_gejala`);

--
-- Indexes for table `tb_diagnosa`
--
ALTER TABLE `tb_diagnosa`
  ADD PRIMARY KEY (`id_diagnosa`),
  ADD KEY `pemeriksaan` (`id_pemeriksaan`),
  ADD KEY `depp` (`id_klass_dep`);

--
-- Indexes for table `tb_faktor`
--
ALTER TABLE `tb_faktor`
  ADD PRIMARY KEY (`id_faktor`);

--
-- Indexes for table `tb_faktor_pemeriksaan`
--
ALTER TABLE `tb_faktor_pemeriksaan`
  ADD PRIMARY KEY (`id_faktor_pemeriksaan`),
  ADD KEY `id_pemeriksaan` (`id_pemeriksaan`),
  ADD KEY `id_faktor` (`id_faktor`);

--
-- Indexes for table `tb_gejala`
--
ALTER TABLE `tb_gejala`
  ADD PRIMARY KEY (`id_gejala`),
  ADD KEY `kategories` (`id_kategori`);

--
-- Indexes for table `tb_kategori`
--
ALTER TABLE `tb_kategori`
  ADD PRIMARY KEY (`id_kategori`),
  ADD KEY `fak` (`id_faktor`);

--
-- Indexes for table `tb_klasifikasi_depresi`
--
ALTER TABLE `tb_klasifikasi_depresi`
  ADD PRIMARY KEY (`id_klass`);

--
-- Indexes for table `tb_pakar`
--
ALTER TABLE `tb_pakar`
  ADD PRIMARY KEY (`id_pakar`),
  ADD KEY `faktor` (`id_faktor`),
  ADD KEY `kategori` (`id_kategori`),
  ADD KEY `gejala` (`id_gejala`);

--
-- Indexes for table `tb_pemeriksaan`
--
ALTER TABLE `tb_pemeriksaan`
  ADD PRIMARY KEY (`id_pemeriksaan`),
  ADD KEY `user_id` (`user_id`);

--
-- Indexes for table `tb_user`
--
ALTER TABLE `tb_user`
  ADD PRIMARY KEY (`id_user`);

--
-- AUTO_INCREMENT for dumped tables
--

--
-- AUTO_INCREMENT for table `tb_aturan`
--
ALTER TABLE `tb_aturan`
  MODIFY `id_aturan` int(5) NOT NULL AUTO_INCREMENT, AUTO_INCREMENT=129;

--
-- AUTO_INCREMENT for table `tb_batas`
--
ALTER TABLE `tb_batas`
  MODIFY `id_batas` int(5) NOT NULL AUTO_INCREMENT, AUTO_INCREMENT=4;

--
-- AUTO_INCREMENT for table `tb_detail_pemeriksaan`
--
ALTER TABLE `tb_detail_pemeriksaan`
  MODIFY `id_detail` int(11) NOT NULL AUTO_INCREMENT, AUTO_INCREMENT=4138;

--
-- AUTO_INCREMENT for table `tb_diagnosa`
--
ALTER TABLE `tb_diagnosa`
  MODIFY `id_diagnosa` int(11) NOT NULL AUTO_INCREMENT, AUTO_INCREMENT=82;

--
-- AUTO_INCREMENT for table `tb_faktor_pemeriksaan`
--
ALTER TABLE `tb_faktor_pemeriksaan`
  MODIFY `id_faktor_pemeriksaan` int(11) NOT NULL AUTO_INCREMENT, AUTO_INCREMENT=592;

--
-- AUTO_INCREMENT for table `tb_klasifikasi_depresi`
--
ALTER TABLE `tb_klasifikasi_depresi`
  MODIFY `id_klass` int(11) NOT NULL AUTO_INCREMENT, AUTO_INCREMENT=5;

--
-- AUTO_INCREMENT for table `tb_pakar`
--
ALTER TABLE `tb_pakar`
  MODIFY `id_pakar` int(5) NOT NULL AUTO_INCREMENT, AUTO_INCREMENT=84;

--
-- AUTO_INCREMENT for table `tb_pemeriksaan`
--
ALTER TABLE `tb_pemeriksaan`
  MODIFY `id_pemeriksaan` int(11) NOT NULL AUTO_INCREMENT, AUTO_INCREMENT=198;

--
-- AUTO_INCREMENT for table `tb_user`
--
ALTER TABLE `tb_user`
  MODIFY `id_user` int(5) NOT NULL AUTO_INCREMENT, AUTO_INCREMENT=3;

--
-- Constraints for dumped tables
--

--
-- Constraints for table `tb_batas`
--
ALTER TABLE `tb_batas`
  ADD CONSTRAINT `tb_batas_ibfk_1` FOREIGN KEY (`id_faktor`) REFERENCES `tb_faktor` (`id_faktor`);

--
-- Constraints for table `tb_detail_pemeriksaan`
--
ALTER TABLE `tb_detail_pemeriksaan`
  ADD CONSTRAINT `detail` FOREIGN KEY (`id_pemeriksaan`) REFERENCES `tb_pemeriksaan` (`id_pemeriksaan`) ON DELETE CASCADE ON UPDATE CASCADE,
  ADD CONSTRAINT `tb_detail_pemeriksaan_ibfk_1` FOREIGN KEY (`id_faktor`) REFERENCES `tb_faktor` (`id_faktor`),
  ADD CONSTRAINT `tb_detail_pemeriksaan_ibfk_2` FOREIGN KEY (`id_kategori`) REFERENCES `tb_kategori` (`id_kategori`),
  ADD CONSTRAINT `tb_detail_pemeriksaan_ibfk_3` FOREIGN KEY (`id_gejala`) REFERENCES `tb_gejala` (`id_gejala`);

--
-- Constraints for table `tb_diagnosa`
--
ALTER TABLE `tb_diagnosa`
  ADD CONSTRAINT `depp` FOREIGN KEY (`id_klass_dep`) REFERENCES `tb_klasifikasi_depresi` (`id_klass`) ON DELETE CASCADE ON UPDATE CASCADE,
  ADD CONSTRAINT `pemeriksaan` FOREIGN KEY (`id_pemeriksaan`) REFERENCES `tb_pemeriksaan` (`id_pemeriksaan`) ON DELETE CASCADE ON UPDATE CASCADE;

--
-- Constraints for table `tb_faktor_pemeriksaan`
--
ALTER TABLE `tb_faktor_pemeriksaan`
  ADD CONSTRAINT `tb_faktor_pemeriksaan_ibfk_1` FOREIGN KEY (`id_pemeriksaan`) REFERENCES `tb_pemeriksaan` (`id_pemeriksaan`),
  ADD CONSTRAINT `tb_faktor_pemeriksaan_ibfk_2` FOREIGN KEY (`id_faktor`) REFERENCES `tb_faktor` (`id_faktor`);

--
-- Constraints for table `tb_gejala`
--
ALTER TABLE `tb_gejala`
  ADD CONSTRAINT `kategories` FOREIGN KEY (`id_kategori`) REFERENCES `tb_kategori` (`id_kategori`) ON DELETE CASCADE ON UPDATE CASCADE;

--
-- Constraints for table `tb_kategori`
--
ALTER TABLE `tb_kategori`
  ADD CONSTRAINT `fak` FOREIGN KEY (`id_faktor`) REFERENCES `tb_faktor` (`id_faktor`) ON DELETE CASCADE ON UPDATE CASCADE;

--
-- Constraints for table `tb_pakar`
--
ALTER TABLE `tb_pakar`
  ADD CONSTRAINT `faktor` FOREIGN KEY (`id_faktor`) REFERENCES `tb_faktor` (`id_faktor`) ON DELETE CASCADE ON UPDATE CASCADE,
  ADD CONSTRAINT `gejala` FOREIGN KEY (`id_gejala`) REFERENCES `tb_gejala` (`id_gejala`) ON DELETE CASCADE ON UPDATE CASCADE,
  ADD CONSTRAINT `kategori` FOREIGN KEY (`id_kategori`) REFERENCES `tb_kategori` (`id_kategori`) ON DELETE CASCADE ON UPDATE CASCADE;

--
-- Constraints for table `tb_pemeriksaan`
--
ALTER TABLE `tb_pemeriksaan`
  ADD CONSTRAINT `tb_pemeriksaan_ibfk_1` FOREIGN KEY (`user_id`) REFERENCES `tb_user` (`id_user`);
COMMIT;

/*!40101 SET CHARACTER_SET_CLIENT=@OLD_CHARACTER_SET_CLIENT */;
/*!40101 SET CHARACTER_SET_RESULTS=@OLD_CHARACTER_SET_RESULTS */;
/*!40101 SET COLLATION_CONNECTION=@OLD_COLLATION_CONNECTION */;
